<?xml version="1.0" encoding="utf-8"?>
<VisioDocument>
	<DocumentProperties>
		<Title></Title>
		<HyperlinkBase href=""></HyperlinkBase>
	</DocumentProperties>
	<Pages>
		<Page ID="0" Name="Page-1" NameU="Page-1">
			<Layer IX="0">
				<Name>Entities</Name>
				<NameUniv>Entities</NameUniv>
				<Visible>1</Visible>
			</Layer>
			<Layer IX="1">
				<Name>Relationships</Name>
				<NameUniv>Relationships</NameUniv>
				<Visible>1</Visible>
			</Layer>
			<Layer IX="2">
				<Name>Categories</Name>
				<NameUniv>Categories</NameUniv>
				<Visible>1</Visible>
			</Layer>
			<Layer IX="3">
				<Name>Table Inheritance</Name>
				<NameUniv>Table Inheritance</NameUniv>
				<Visible>1</Visible>
			</Layer>
			<Layer IX="4">
				<Name>Composite Types</Name>
				<NameUniv>Composite Types</NameUniv>
				<Visible>1</Visible>
			</Layer>
			<Layer IX="5">
				<Name>Type Inheritance</Name>
				<NameUniv>Type Inheritance</NameUniv>
				<Visible>1</Visible>
			</Layer>
			<Shapes>
				<Shape ID="4" UniqueID="{3BFD6C40-4CE5-41D6-B852-139F3BAB5D27}" Name="Entity.4" NameU="Entity.4" Master="7">
					<XForm>
						<PinX Unit="MM">10.292146941676052</PinX>
						<PinY Unit="MM">5.752240024041337</PinY>
					</XForm>
					<LayerMem>
						<LayerMember>0</LayerMember>
					</LayerMem>
				</Shape>
				<Shape ID="7" UniqueID="{F98CD560-1013-4185-88DF-C321D9BC950B}" Name="Entity.7" NameU="Entity.7" Master="7">
					<XForm>
						<PinX Unit="MM">2.074663954589174</PinX>
						<PinY Unit="MM">6.525861308345978</PinY>
					</XForm>
					<LayerMem>
						<LayerMember>0</LayerMember>
					</LayerMem>
				</Shape>
				<Shape ID="10" UniqueID="{ABD40745-F669-44C8-8163-F34CA26CA46C}" Name="Entity.10" NameU="Entity.10" Master="7">
					<XForm>
						<PinX Unit="MM">9.448818897637796</PinX>
						<PinY Unit="MM">3.149606299212598</PinY>
					</XForm>
					<LayerMem>
						<LayerMember>0</LayerMember>
					</LayerMem>
				</Shape>
				<Shape ID="25" UniqueID="{7BAEAD00-A97F-4A4C-AAF0-BE55A0F43679}" Name="Relationship.25" NameU="Relationship.25" Master="8">
					<XForm>
						<PinX Unit="MM">5.996540738035238</PinX>
						<PinY Unit="MM">5.646403447497111</PinY>
					</XForm>
					<LayerMem>
						<LayerMember>1</LayerMember>
					</LayerMem>
				</Shape>
				<Shape ID="40" UniqueID="{AF43E3A5-5938-49A1-B45E-9530951AB0F4}" Name="Relationship.40" NameU="Relationship.40" Master="9">
					<XForm>
						<PinX Unit="MM">6.264448691540816</PinX>
						<PinY Unit="MM">5.677164972860981</PinY>
					</XForm>
					<LayerMem>
						<LayerMember>1</LayerMember>
					</LayerMem>
				</Shape>
				<Shape ID="42" UniqueID="{24403BB7-0A2A-406D-B84D-08A03030AC6D}" Name="Relationship.46" NameU="Relationship.46" Master="9">
					<XForm>
						<PinX Unit="MM">10.007457254373721</PinX>
						<PinY Unit="MM">4.242589192510756</PinY>
					</XForm>
					<LayerMem>
						<LayerMember>1</LayerMember>
					</LayerMem>
				</Shape>
				<Shape ID="44" UniqueID="{542D8C8E-0527-4B47-BDB0-6D992BF2ED35}" Name="Entity.48" NameU="Entity.48" Master="10">
					<XForm>
						<PinX Unit="MM">6.899433725329971</PinX>
						<PinY Unit="MM">1.708931411548258</PinY>
					</XForm>
					<LayerMem>
						<LayerMember>0</LayerMember>
					</LayerMem>
				</Shape>
				<Shape ID="47" UniqueID="{60DC3026-7B48-4360-ADD4-1F33A78DF1B0}" Name="Relationship.11" NameU="Relationship.11" Master="11">
					<XForm>
						<PinX Unit="MM">10.847943460041007</PinX>
						<PinY Unit="MM">3.153837425160991</PinY>
					</XForm>
					<LayerMem>
						<LayerMember>1</LayerMember>
					</LayerMem>
				</Shape>
				<Shape ID="1" UniqueID="{ECE26A8C-B99D-43F2-8DB0-712F946C6406}" Name="Entity.13" NameU="Entity.13" Master="13">
					<XForm>
						<PinX Unit="MM">1.735379350334776</PinX>
						<PinY Unit="MM">4.163656583936530</PinY>
					</XForm>
					<LayerMem>
						<LayerMember>0</LayerMember>
					</LayerMem>
				</Shape>
				<Shape ID="13" UniqueID="{372ABB96-D7D9-4D22-B76E-8E0B341B699C}" Name="Sheet.13" NameU="Sheet.13" Master="13">
					<XForm>
						<PinX Unit="MM">6.676204677774074</PinX>
						<PinY Unit="MM">6.683341623306608</PinY>
					</XForm>
					<LayerMem>
						<LayerMember>0</LayerMember>
					</LayerMem>
				</Shape>
				<Shape ID="16" UniqueID="{F8093150-0AEF-4D61-A168-7B54132097EB}" Name="Relationship.16" NameU="Relationship.16" Master="11">
					<XForm>
						<PinX Unit="MM">5.194538458125797</PinX>
						<PinY Unit="MM">5.303941216438942</PinY>
					</XForm>
					<LayerMem>
						<LayerMember>1</LayerMember>
					</LayerMem>
				</Shape>
				<Shape ID="17" UniqueID="{75A6BE4E-C8D1-4765-BC01-925175BE8196}" Name="Entity.17" NameU="Entity.17" Master="13">
					<XForm>
						<PinX Unit="MM">5.118110236220472</PinX>
						<PinY Unit="MM">3.552878849134335</PinY>
					</XForm>
					<LayerMem>
						<LayerMember>0</LayerMember>
					</LayerMem>
				</Shape>
				<Shape ID="20" UniqueID="{05886713-B0CF-4F5D-902D-B3FB139B4693}" Name="Entity.20" NameU="Entity.20" Master="10">
					<XForm>
						<PinX Unit="MM">2.024430406242979</PinX>
						<PinY Unit="MM">1.181102362204724</PinY>
					</XForm>
					<LayerMem>
						<LayerMember>0</LayerMember>
					</LayerMem>
				</Shape>
				<Shape ID="24" UniqueID="{AB392992-0933-4A93-8C32-514FBEEED872}" Name="Relationship.24" NameU="Relationship.24" Master="11">
					<XForm>
						<PinX Unit="MM">8.794663280364581</PinX>
						<PinY Unit="MM">2.123687536885419</PinY>
					</XForm>
					<LayerMem>
						<LayerMember>1</LayerMember>
					</LayerMem>
				</Shape>
				<Shape ID="23" UniqueID="{4998CFDA-FB99-433C-8419-A39C741EB2EE}" Name="Relationship.23" NameU="Relationship.23" Master="11">
					<XForm>
						<PinX Unit="MM">6.668865999287032</PinX>
						<PinY Unit="MM">1.715512600271470</PinY>
					</XForm>
					<LayerMem>
						<LayerMember>1</LayerMember>
					</LayerMem>
				</Shape>
				<Shape ID="48" UniqueID="{749ECD78-0DE5-4ADD-AB23-457FA400E59D}" Name="Relationship.14" NameU="Relationship.14" Master="14">
					<XForm>
						<PinX Unit="MM">3.478289936405065</PinX>
						<PinY Unit="MM">3.816600922712190</PinY>
					</XForm>
					<LayerMem>
						<LayerMember>1</LayerMember>
					</LayerMem>
				</Shape>
				<Shape ID="49" UniqueID="{B93E69A4-4BA4-418B-8F88-5328A8801430}" Name="Relationship.49" NameU="Relationship.49" Master="14">
					<XForm>
						<PinX Unit="MM">4.991981278576901</PinX>
						<PinY Unit="MM">3.657105086408506</PinY>
					</XForm>
					<LayerMem>
						<LayerMember>1</LayerMember>
					</LayerMem>
				</Shape>
			</Shapes>
		</Page>
	</Pages>
</VisioDocument>
