<?xml version="1.0" encoding="utf-8"?>
<VisioDocument>
	<DocumentProperties>
		<Title>DamagedPropertyER</Title>
		<HyperlinkBase href=""></HyperlinkBase>
	</DocumentProperties>
	<Pages>
		<Page ID="0" Name="Page-1" NameU="Page-1">
			<Layer IX="0">
				<Name>Entities</Name>
				<NameUniv>Entities</NameUniv>
				<Visible>1</Visible>
			</Layer>
			<Layer IX="1">
				<Name>Relationships</Name>
				<NameUniv></NameUniv>
				<Visible>1</Visible>
			</Layer>
			<Layer IX="2">
				<Name>Categories</Name>
				<NameUniv></NameUniv>
				<Visible>1</Visible>
			</Layer>
			<Layer IX="3">
				<Name>Table Inheritance</Name>
				<NameUniv>Table Inheritance</NameUniv>
				<Visible>1</Visible>
			</Layer>
			<Layer IX="4">
				<Name>Composite Types</Name>
				<NameUniv></NameUniv>
				<Visible>1</Visible>
			</Layer>
			<Layer IX="5">
				<Name>Type Inheritance</Name>
				<NameUniv></NameUniv>
				<Visible>1</Visible>
			</Layer>
			<Shapes>
				<Shape ID="1" UniqueID="{2E75EAAB-8C51-4D1B-A9B2-FCE932A96071}" Name="Entity" NameU="Entity" Master="7">
					<XForm>
						<PinX Unit="IN">1.852837025782118</PinX>
						<PinY Unit="IN">5.638835074191625</PinY>
					</XForm>
					<LayerMem>
						<LayerMember>0</LayerMember>
					</LayerMem>
				</Shape>
				<Shape ID="4" UniqueID="{D8A40420-12D0-4BC2-9696-3385291F859E}" Name="Entity.4" NameU="Entity.4" Master="7">
					<XForm>
						<PinX Unit="IN">5.874824107030385</PinX>
						<PinY Unit="IN">6.805502249484594</PinY>
					</XForm>
					<LayerMem>
						<LayerMember>0</LayerMember>
					</LayerMem>
				</Shape>
				<Shape ID="7" UniqueID="{00F60614-BB2B-4CE0-9899-143E9D7B543E}" Name="Entity.7" NameU="Entity.7" Master="7">
					<XForm>
						<PinX Unit="IN">5.287262379786025</PinX>
						<PinY Unit="IN">3.727830575222440</PinY>
					</XForm>
					<LayerMem>
						<LayerMember>0</LayerMember>
					</LayerMem>
				</Shape>
				<Shape ID="10" UniqueID="{743504C8-BEE7-4A48-BC6A-87C119BAE8C1}" Name="Entity.10" NameU="Entity.10" Master="7">
					<XForm>
						<PinX Unit="IN">8.899124562403213</PinX>
						<PinY Unit="IN">3.611162636990019</PinY>
					</XForm>
					<LayerMem>
						<LayerMember>0</LayerMember>
					</LayerMem>
				</Shape>
				<Shape ID="13" UniqueID="{32A99C0C-FEC9-413D-9171-A878C43E30FF}" Name="Entity.13" NameU="Entity.13" Master="7">
					<XForm>
						<PinX Unit="IN">7.933167994359484</PinX>
						<PinY Unit="IN">1.000000000000000</PinY>
					</XForm>
					<LayerMem>
						<LayerMember>0</LayerMember>
					</LayerMem>
				</Shape>
				<Shape ID="16" UniqueID="{237D0415-22AE-4BBA-A0AC-F961D662F55B}" Name="Entity.16" NameU="Entity.16" Master="7">
					<XForm>
						<PinX Unit="IN">10.354525029322160</PinX>
						<PinY Unit="IN">1.805503775363498</PinY>
					</XForm>
					<LayerMem>
						<LayerMember>0</LayerMember>
					</LayerMem>
				</Shape>
				<Shape ID="19" UniqueID="{727621BD-2700-42A4-B0A2-141EEB68FAAC}" Name="Entity.19" NameU="Entity.19" Master="7">
					<XForm>
						<PinX Unit="IN">5.320939290186415</PinX>
						<PinY Unit="IN">0.972170950656467</PinY>
					</XForm>
					<LayerMem>
						<LayerMember>0</LayerMember>
					</LayerMem>
				</Shape>
				<Shape ID="22" UniqueID="{41FC0CC5-9534-4A21-A89D-293AE33FE47C}" Name="Relationship" NameU="Relationship" Master="8">
					<XForm>
						<PinX Unit="IN">3.602837025782118</PinX>
						<PinY Unit="IN">4.558332443237307</PinY>
					</XForm>
					<LayerMem>
						<LayerMember>1</LayerMember>
					</LayerMem>
				</Shape>
				<Shape ID="24" UniqueID="{CFCFC365-FBC3-4E4B-B810-363DC2A74E85}" Name="Relationship.24" NameU="Relationship.24" Master="8">
					<XForm>
						<PinX Unit="IN">5.320939290186415</PinX>
						<PinY Unit="IN">2.058333206176759</PinY>
					</XForm>
					<LayerMem>
						<LayerMember>1</LayerMember>
					</LayerMem>
				</Shape>
				<Shape ID="25" UniqueID="{B4DD95AC-9053-469F-BC05-A336A257F592}" Name="Relationship.25" NameU="Relationship.25" Master="8">
					<XForm>
						<PinX Unit="IN">8.892449795862687</PinX>
						<PinY Unit="IN">4.867039524671768</PinY>
					</XForm>
					<LayerMem>
						<LayerMember>1</LayerMember>
					</LayerMem>
				</Shape>
				<Shape ID="26" UniqueID="{2D0A008F-A23D-4032-898C-A22D01E8050E}" Name="Relationship.26" NameU="Relationship.26" Master="8">
					<XForm>
						<PinX Unit="IN">7.037262379786025</PinX>
						<PinY Unit="IN">3.611162636990019</PinY>
					</XForm>
					<LayerMem>
						<LayerMember>1</LayerMember>
					</LayerMem>
				</Shape>
				<Shape ID="27" UniqueID="{C5B55DAC-9C78-4C68-A4A5-9A57125A0D5E}" Name="Relationship.27" NameU="Relationship.27" Master="8">
					<XForm>
						<PinX Unit="IN">6.863221376965766</PinX>
						<PinY Unit="IN">3.024036130777995</PinY>
					</XForm>
					<LayerMem>
						<LayerMember>1</LayerMember>
					</LayerMem>
				</Shape>
				<Shape ID="32" UniqueID="{DEF1C2D7-5545-4833-8D0A-29971FE153B0}" Name="Entity.9" NameU="Entity.9" Master="9">
					<XForm>
						<PinX Unit="IN">9.449462714581289</PinX>
						<PinY Unit="IN">5.961162636990018</PinY>
					</XForm>
					<LayerMem>
						<LayerMember>0</LayerMember>
					</LayerMem>
				</Shape>
				<Shape ID="35" UniqueID="{BA7EF0EA-0B43-4711-A364-B60F4ED7AC15}" Name="Relationship.10" NameU="Relationship.10" Master="10">
					<XForm>
						<PinX Unit="IN">6.000571371341371</PinX>
						<PinY Unit="IN">5.532585837131077</PinY>
					</XForm>
					<LayerMem>
						<LayerMember>1</LayerMember>
					</LayerMem>
				</Shape>
				<Shape ID="36" UniqueID="{D604E11E-7541-4C4D-915A-5980B61A5574}" Name="Relationship.36" NameU="Relationship.36" Master="10">
					<XForm>
						<PinX Unit="IN">7.116950688374540</PinX>
						<PinY Unit="IN">3.838915478346083</PinY>
					</XForm>
					<LayerMem>
						<LayerMember>1</LayerMember>
					</LayerMem>
				</Shape>
				<Shape ID="37" UniqueID="{4D610D55-E80E-4ED4-8146-0CA77134965E}" Name="Entity.37" NameU="Entity.37" Master="9">
					<XForm>
						<PinX Unit="IN">2.603021204808702</PinX>
						<PinY Unit="IN">0.844495461697049</PinY>
					</XForm>
					<LayerMem>
						<LayerMember>0</LayerMember>
					</LayerMem>
				</Shape>
				<Shape ID="40" UniqueID="{B3B42A48-058C-41C8-BFE5-FA5C892A067D}" Name="Relationship.40" NameU="Relationship.40" Master="10">
					<XForm>
						<PinX Unit="IN">2.984087025782118</PinX>
						<PinY Unit="IN">2.783330535888673</PinY>
					</XForm>
					<LayerMem>
						<LayerMember>1</LayerMember>
					</LayerMem>
				</Shape>
				<Shape ID="41" UniqueID="{B001A2DC-E0FF-4BD3-9A53-970DDF68DA62}" Name="Entity.41" NameU="Entity.41" Master="9">
					<XForm>
						<PinX Unit="IN">1.772160303929796</PinX>
						<PinY Unit="IN">1.944495461697050</PinY>
					</XForm>
					<LayerMem>
						<LayerMember>0</LayerMember>
					</LayerMem>
				</Shape>
				<Shape ID="44" UniqueID="{849D998C-5602-45D0-9883-F59544947011}" Name="Relationship.44" NameU="Relationship.44" Master="10">
					<XForm>
						<PinX Unit="IN">1.772160303929796</PinX>
						<PinY Unit="IN">3.333330535888674</PinY>
					</XForm>
					<LayerMem>
						<LayerMember>1</LayerMember>
					</LayerMem>
				</Shape>
				<Shape ID="23" UniqueID="{3E458FDB-743C-4F80-B077-D20C9E544636}" Name="Relationship.23" NameU="Relationship.23" Master="10">
					<XForm>
						<PinX Unit="IN">5.662086486816408</PinX>
						<PinY Unit="IN">5.224999618530275</PinY>
					</XForm>
					<LayerMem>
						<LayerMember>1</LayerMember>
					</LayerMem>
				</Shape>
				<Shape ID="45" UniqueID="{AA49EA90-4A7E-42C3-8661-772035307E21}" Name="Relationship.45" NameU="Relationship.45" Master="10">
					<XForm>
						<PinX Unit="IN">7.124626978994747</PinX>
						<PinY Unit="IN">5.177830956692166</PinY>
					</XForm>
					<LayerMem>
						<LayerMember>1</LayerMember>
					</LayerMem>
				</Shape>
				<Shape ID="46" UniqueID="{DA4A7918-3DA9-4F0D-9998-5E5594D308A3}" Name="Relationship.46" NameU="Relationship.46" Master="10">
					<XForm>
						<PinX Unit="IN">7.558242172779629</PinX>
						<PinY Unit="IN">5.562762467820910</PinY>
					</XForm>
					<LayerMem>
						<LayerMember>1</LayerMember>
					</LayerMem>
				</Shape>
				<Shape ID="47" UniqueID="{F6A95A75-964B-42A4-A10A-DFA21F95986A}" Name="Relationship.47" NameU="Relationship.47" Master="10">
					<XForm>
						<PinX Unit="IN">7.897734345559254</PinX>
						<PinY Unit="IN">6.008331298828126</PinY>
					</XForm>
					<LayerMem>
						<LayerMember>1</LayerMember>
					</LayerMem>
				</Shape>
				<Shape ID="52" UniqueID="{60A61598-7264-46B7-9DB3-36C26A60DBCC}" Name="Relationship.11" NameU="Relationship.11" Master="11">
					<XForm>
						<PinX Unit="IN">10.298249124806425</PinX>
						<PinY Unit="IN">3.615970687775964</PinY>
					</XForm>
					<LayerMem>
						<LayerMember>1</LayerMember>
					</LayerMem>
				</Shape>
			</Shapes>
		</Page>
	</Pages>
</VisioDocument>
