-- MySQL dump 10.11
--
-- Host: localhost    Database: vesuvius092
-- ------------------------------------------------------
-- Server version	5.0.95-log

/*!40101 SET @OLD_CHARACTER_SET_CLIENT=@@CHARACTER_SET_CLIENT */;
/*!40101 SET @OLD_CHARACTER_SET_RESULTS=@@CHARACTER_SET_RESULTS */;
/*!40101 SET @OLD_COLLATION_CONNECTION=@@COLLATION_CONNECTION */;
/*!40101 SET NAMES utf8 */;
/*!40103 SET @OLD_TIME_ZONE=@@TIME_ZONE */;
/*!40103 SET TIME_ZONE='+00:00' */;
/*!40014 SET @OLD_UNIQUE_CHECKS=@@UNIQUE_CHECKS, UNIQUE_CHECKS=0 */;
/*!40014 SET @OLD_FOREIGN_KEY_CHECKS=@@FOREIGN_KEY_CHECKS, FOREIGN_KEY_CHECKS=0 */;
/*!40101 SET @OLD_SQL_MODE=@@SQL_MODE, SQL_MODE='NO_AUTO_VALUE_ON_ZERO' */;
/*!40111 SET @OLD_SQL_NOTES=@@SQL_NOTES, SQL_NOTES=0 */;

--
-- Table structure for table `adodb_logsql`
--

DROP TABLE IF EXISTS `adodb_logsql`;
/*!40101 SET @saved_cs_client     = @@character_set_client */;
/*!40101 SET character_set_client = utf8 */;
CREATE TABLE `adodb_logsql` (
  `created` datetime NOT NULL,
  `sql0` varchar(250) NOT NULL,
  `sql1` text NOT NULL,
  `params` text NOT NULL,
  `tracer` text NOT NULL,
  `timer` decimal(16,6) NOT NULL
) ENGINE=InnoDB DEFAULT CHARSET=utf8;
/*!40101 SET character_set_client = @saved_cs_client */;

--
-- Dumping data for table `adodb_logsql`
--

LOCK TABLES `adodb_logsql` WRITE;
/*!40000 ALTER TABLE `adodb_logsql` DISABLE KEYS */;
/*!40000 ALTER TABLE `adodb_logsql` ENABLE KEYS */;
UNLOCK TABLES;

--
-- Table structure for table `alt_logins`
--

DROP TABLE IF EXISTS `alt_logins`;
/*!40101 SET @saved_cs_client     = @@character_set_client */;
/*!40101 SET character_set_client = utf8 */;
CREATE TABLE `alt_logins` (
  `p_uuid` varchar(128) NOT NULL,
  `user_name` varchar(100) NOT NULL,
  `type` varchar(60) default 'openid',
  PRIMARY KEY  (`p_uuid`)
) ENGINE=InnoDB DEFAULT CHARSET=utf8;
/*!40101 SET character_set_client = @saved_cs_client */;

--
-- Dumping data for table `alt_logins`
--

LOCK TABLES `alt_logins` WRITE;
/*!40000 ALTER TABLE `alt_logins` DISABLE KEYS */;
/*!40000 ALTER TABLE `alt_logins` ENABLE KEYS */;
UNLOCK TABLES;

--
-- Table structure for table `arrival_rate`
--

DROP TABLE IF EXISTS `arrival_rate`;
/*!40101 SET @saved_cs_client     = @@character_set_client */;
/*!40101 SET character_set_client = utf8 */;
CREATE TABLE `arrival_rate` (
  `person_uuid` varchar(128) NOT NULL,
  `incident_id` bigint(20) NOT NULL,
  `arrival_time` datetime NOT NULL,
  `source_all` int(32) NOT NULL,
  `source_triagepic` int(32) NOT NULL,
  `source_reunite` int(32) NOT NULL,
  `source_website` int(32) NOT NULL,
  `source_pfif` int(32) NOT NULL,
  `source_vanilla_email` int(32) NOT NULL,
  PRIMARY KEY  (`person_uuid`),
  KEY `incident_index` (`incident_id`),
  CONSTRAINT `arrival_rate_ibfk_1` FOREIGN KEY (`person_uuid`) REFERENCES `person_uuid` (`p_uuid`) ON DELETE CASCADE ON UPDATE CASCADE,
  CONSTRAINT `arrival_rate_ibfk_2` FOREIGN KEY (`incident_id`) REFERENCES `incident` (`incident_id`) ON DELETE CASCADE ON UPDATE CASCADE
) ENGINE=InnoDB DEFAULT CHARSET=utf8;
/*!40101 SET character_set_client = @saved_cs_client */;

--
-- Dumping data for table `arrival_rate`
--

LOCK TABLES `arrival_rate` WRITE;
/*!40000 ALTER TABLE `arrival_rate` DISABLE KEYS */;
/*!40000 ALTER TABLE `arrival_rate` ENABLE KEYS */;
UNLOCK TABLES;

--
-- Table structure for table `audit`
--

DROP TABLE IF EXISTS `audit`;
/*!40101 SET @saved_cs_client     = @@character_set_client */;
/*!40101 SET character_set_client = utf8 */;
CREATE TABLE `audit` (
  `audit_id` bigint(20) NOT NULL auto_increment,
  `updated` timestamp NOT NULL default CURRENT_TIMESTAMP,
  `x_uuid` varchar(128) NOT NULL,
  `u_uuid` varchar(128) NOT NULL,
  `change_type` varchar(3) NOT NULL,
  `change_table` varchar(100) NOT NULL,
  `change_field` varchar(100) NOT NULL,
  `prev_val` text,
  `new_val` text,
  PRIMARY KEY  (`audit_id`)
) ENGINE=InnoDB AUTO_INCREMENT=1 DEFAULT CHARSET=utf8;
/*!40101 SET character_set_client = @saved_cs_client */;

--
-- Dumping data for table `audit`
--

LOCK TABLES `audit` WRITE;
/*!40000 ALTER TABLE `audit` DISABLE KEYS */;
/*!40000 ALTER TABLE `audit` ENABLE KEYS */;
UNLOCK TABLES;

--
-- Table structure for table `config`
--

DROP TABLE IF EXISTS `config`;
/*!40101 SET @saved_cs_client     = @@character_set_client */;
/*!40101 SET character_set_client = utf8 */;
CREATE TABLE `config` (
  `config_id` bigint(20) NOT NULL auto_increment,
  `module_id` varchar(20) default NULL,
  `confkey` varchar(50) NOT NULL,
  `value` varchar(100) default NULL,
  PRIMARY KEY  (`config_id`),
  KEY `module_id` (`module_id`)
) ENGINE=InnoDB AUTO_INCREMENT=1 DEFAULT CHARSET=utf8;
/*!40101 SET character_set_client = @saved_cs_client */;

--
-- Dumping data for table `config`
--

LOCK TABLES `config` WRITE;
/*!40000 ALTER TABLE `config` DISABLE KEYS */;
/*!40000 ALTER TABLE `config` ENABLE KEYS */;
UNLOCK TABLES;

--
-- Table structure for table `contact`
--

DROP TABLE IF EXISTS `contact`;
/*!40101 SET @saved_cs_client     = @@character_set_client */;
/*!40101 SET character_set_client = utf8 */;
CREATE TABLE `contact` (
  `p_uuid` varchar(128) NOT NULL,
  `opt_contact_type` varchar(10) NOT NULL,
  `contact_value` varchar(100) default NULL,
  PRIMARY KEY  (`p_uuid`,`opt_contact_type`),
  KEY `contact_value` (`contact_value`),
  KEY `p_uuid` (`p_uuid`),
  CONSTRAINT `contact_ibfk_1` FOREIGN KEY (`p_uuid`) REFERENCES `person_uuid` (`p_uuid`) ON DELETE CASCADE ON UPDATE CASCADE
) ENGINE=InnoDB DEFAULT CHARSET=utf8;
/*!40101 SET character_set_client = @saved_cs_client */;

--
-- Dumping data for table `contact`
--

LOCK TABLES `contact` WRITE;
/*!40000 ALTER TABLE `contact` DISABLE KEYS */;
/*!40000 ALTER TABLE `contact` ENABLE KEYS */;
UNLOCK TABLES;

--
-- Table structure for table `dao_error_log`
--

DROP TABLE IF EXISTS `dao_error_log`;
/*!40101 SET @saved_cs_client     = @@character_set_client */;
/*!40101 SET character_set_client = utf8 */;
CREATE TABLE `dao_error_log` (
  `time` timestamp NULL default CURRENT_TIMESTAMP,
  `file` text,
  `line` text,
  `method` text,
  `class` text,
  `function` text,
  `error_message` text,
  `other` text
) ENGINE=InnoDB DEFAULT CHARSET=utf8 COMMENT='logs errors encountered in the DAO objects';
/*!40101 SET character_set_client = @saved_cs_client */;

--
-- Dumping data for table `dao_error_log`
--

LOCK TABLES `dao_error_log` WRITE;
/*!40000 ALTER TABLE `dao_error_log` DISABLE KEYS */;
/*!40000 ALTER TABLE `dao_error_log` ENABLE KEYS */;
UNLOCK TABLES;

--
-- Table structure for table `edxl_co_header`
--

DROP TABLE IF EXISTS `edxl_co_header`;
/*!40101 SET @saved_cs_client     = @@character_set_client */;
/*!40101 SET character_set_client = utf8 */;
CREATE TABLE `edxl_co_header` (
  `de_id` int(11) NOT NULL,
  `co_id` int(11) NOT NULL,
  `p_uuid` varchar(128) default NULL COMMENT 'ties the contentObject to a person',
  `type` enum('lpf','tep','pix') default NULL COMMENT 'defines the type of the contentObject',
  `content_descr` varchar(255) default NULL COMMENT 'Content description',
  `incident_id` varchar(255) default NULL,
  `incident_descr` varchar(255) default NULL COMMENT 'Incident description',
  `confidentiality` varchar(255) default NULL,
  PRIMARY KEY  (`co_id`),
  KEY `de_id` (`de_id`),
  KEY `p_uuid_idx` (`p_uuid`),
  CONSTRAINT `edxl_co_header_ibfk_1` FOREIGN KEY (`de_id`) REFERENCES `edxl_de_header` (`de_id`) ON DELETE CASCADE ON UPDATE CASCADE,
  CONSTRAINT `edxl_co_header_ibfk_2` FOREIGN KEY (`p_uuid`) REFERENCES `person_uuid` (`p_uuid`) ON DELETE CASCADE ON UPDATE CASCADE
) ENGINE=InnoDB DEFAULT CHARSET=utf8;
/*!40101 SET character_set_client = @saved_cs_client */;

--
-- Dumping data for table `edxl_co_header`
--

LOCK TABLES `edxl_co_header` WRITE;
/*!40000 ALTER TABLE `edxl_co_header` DISABLE KEYS */;
/*!40000 ALTER TABLE `edxl_co_header` ENABLE KEYS */;
UNLOCK TABLES;

--
-- Table structure for table `edxl_co_header_seq`
--

DROP TABLE IF EXISTS `edxl_co_header_seq`;
/*!40101 SET @saved_cs_client     = @@character_set_client */;
/*!40101 SET character_set_client = utf8 */;
CREATE TABLE `edxl_co_header_seq` (
  `id` bigint(20) NOT NULL auto_increment COMMENT 'stores next id in sequence for the edxl_co_header table',
  PRIMARY KEY  (`id`)
) ENGINE=InnoDB AUTO_INCREMENT=1 DEFAULT CHARSET=utf8;
/*!40101 SET character_set_client = @saved_cs_client */;

--
-- Dumping data for table `edxl_co_header_seq`
--

LOCK TABLES `edxl_co_header_seq` WRITE;
/*!40000 ALTER TABLE `edxl_co_header_seq` DISABLE KEYS */;
INSERT INTO `edxl_co_header_seq` (`id`) VALUES (1);
/*!40000 ALTER TABLE `edxl_co_header_seq` ENABLE KEYS */;
UNLOCK TABLES;

--
-- Table structure for table `edxl_co_keywords`
--

DROP TABLE IF EXISTS `edxl_co_keywords`;
/*!40101 SET @saved_cs_client     = @@character_set_client */;
/*!40101 SET character_set_client = utf8 */;
CREATE TABLE `edxl_co_keywords` (
  `co_id` int(11) NOT NULL,
  `keyword_num` int(11) NOT NULL,
  `keyword_urn` varchar(255) NOT NULL,
  `keyword` varchar(255) NOT NULL,
  PRIMARY KEY  (`co_id`,`keyword_num`),
  CONSTRAINT `edxl_co_keywords_ibfk_1` FOREIGN KEY (`co_id`) REFERENCES `edxl_co_header` (`co_id`) ON DELETE CASCADE ON UPDATE CASCADE
) ENGINE=InnoDB DEFAULT CHARSET=utf8;
/*!40101 SET character_set_client = @saved_cs_client */;

--
-- Dumping data for table `edxl_co_keywords`
--

LOCK TABLES `edxl_co_keywords` WRITE;
/*!40000 ALTER TABLE `edxl_co_keywords` DISABLE KEYS */;
/*!40000 ALTER TABLE `edxl_co_keywords` ENABLE KEYS */;
UNLOCK TABLES;

--
-- Table structure for table `edxl_co_lpf`
--

DROP TABLE IF EXISTS `edxl_co_lpf`;
/*!40101 SET @saved_cs_client     = @@character_set_client */;
/*!40101 SET character_set_client = utf8 */;
CREATE TABLE `edxl_co_lpf` (
  `co_id` int(11) NOT NULL,
  `p_uuid` varchar(255) NOT NULL COMMENT 'Sahana person ID',
  `schema_version` varchar(255) NOT NULL,
  `login_machine` varchar(255) NOT NULL,
  `login_account` varchar(255) NOT NULL,
  `person_id` varchar(255) NOT NULL COMMENT 'Mass casualty patient ID',
  `event_name` varchar(255) NOT NULL,
  `event_long_name` varchar(255) NOT NULL,
  `org_name` varchar(255) NOT NULL,
  `org_id` varchar(255) NOT NULL,
  `last_name` varchar(255) default NULL,
  `first_name` varchar(255) default NULL,
  `gender` enum('M','F','U','C') NOT NULL,
  `peds` tinyint(1) NOT NULL,
  `triage_category` enum('Green','BH Green','Yellow','Red','Gray','Black') NOT NULL,
  PRIMARY KEY  (`co_id`,`p_uuid`),
  KEY `p_uuid` (`p_uuid`),
  CONSTRAINT `edxl_co_lpf_ibfk_1` FOREIGN KEY (`co_id`) REFERENCES `edxl_co_header` (`co_id`) ON DELETE CASCADE ON UPDATE CASCADE,
  CONSTRAINT `edxl_co_lpf_ibfk_2` FOREIGN KEY (`p_uuid`) REFERENCES `person_uuid` (`p_uuid`) ON DELETE CASCADE ON UPDATE CASCADE
) ENGINE=InnoDB DEFAULT CHARSET=utf8 COMMENT='LPF is an example of an "other xml" content object, e.g., ot';
/*!40101 SET character_set_client = @saved_cs_client */;

--
-- Dumping data for table `edxl_co_lpf`
--

LOCK TABLES `edxl_co_lpf` WRITE;
/*!40000 ALTER TABLE `edxl_co_lpf` DISABLE KEYS */;
/*!40000 ALTER TABLE `edxl_co_lpf` ENABLE KEYS */;
UNLOCK TABLES;

--
-- Table structure for table `edxl_co_photos`
--

DROP TABLE IF EXISTS `edxl_co_photos`;
/*!40101 SET @saved_cs_client     = @@character_set_client */;
/*!40101 SET character_set_client = utf8 */;
CREATE TABLE `edxl_co_photos` (
  `co_id` int(11) NOT NULL,
  `p_uuid` varchar(255) NOT NULL COMMENT 'Sahana person ID',
  `mimeType` varchar(255) NOT NULL COMMENT 'As in ''image/jpeg''',
  `uri` varchar(255) NOT NULL COMMENT 'Photo filename = Mass casualty patient ID + zone + ''s#'' if secondary + optional caption after hypen',
  `contentData` mediumtext character set ascii NOT NULL COMMENT 'Base-64 encoded image',
  `image_id` int(20) default NULL COMMENT 'reference to the image.image_id field',
  `sha1` varchar(40) default NULL COMMENT 'sha1 calculated hash of the image',
  PRIMARY KEY  (`co_id`,`p_uuid`),
  KEY `p_uuid` (`p_uuid`),
  CONSTRAINT `edxl_co_photos_ibfk_1` FOREIGN KEY (`co_id`) REFERENCES `edxl_co_header` (`co_id`) ON DELETE CASCADE ON UPDATE CASCADE,
  CONSTRAINT `edxl_co_photos_ibfk_2` FOREIGN KEY (`p_uuid`) REFERENCES `person_uuid` (`p_uuid`) ON DELETE CASCADE ON UPDATE CASCADE
) ENGINE=InnoDB DEFAULT CHARSET=utf8 COMMENT='LPF is an example of an "other xml" content object, e.g., ot';
/*!40101 SET character_set_client = @saved_cs_client */;

--
-- Dumping data for table `edxl_co_photos`
--

LOCK TABLES `edxl_co_photos` WRITE;
/*!40000 ALTER TABLE `edxl_co_photos` DISABLE KEYS */;
/*!40000 ALTER TABLE `edxl_co_photos` ENABLE KEYS */;
UNLOCK TABLES;

--
-- Table structure for table `edxl_co_roles`
--

DROP TABLE IF EXISTS `edxl_co_roles`;
/*!40101 SET @saved_cs_client     = @@character_set_client */;
/*!40101 SET character_set_client = utf8 */;
CREATE TABLE `edxl_co_roles` (
  `co_id` int(11) NOT NULL,
  `role_num` int(11) NOT NULL default '0',
  `of_originator` tinyint(1) NOT NULL COMMENT '0 = false = of consumer',
  `role_urn` varchar(255) NOT NULL,
  `role` varchar(255) NOT NULL,
  PRIMARY KEY  (`co_id`,`role_num`),
  KEY `role_num` (`role_num`),
  CONSTRAINT `edxl_co_roles_ibfk_1` FOREIGN KEY (`co_id`) REFERENCES `edxl_co_header` (`co_id`) ON DELETE CASCADE ON UPDATE CASCADE,
  CONSTRAINT `edxl_co_roles_ibfk_2` FOREIGN KEY (`role_num`) REFERENCES `edxl_de_roles` (`role_num`) ON DELETE CASCADE ON UPDATE CASCADE
) ENGINE=InnoDB DEFAULT CHARSET=utf8;
/*!40101 SET character_set_client = @saved_cs_client */;

--
-- Dumping data for table `edxl_co_roles`
--

LOCK TABLES `edxl_co_roles` WRITE;
/*!40000 ALTER TABLE `edxl_co_roles` DISABLE KEYS */;
/*!40000 ALTER TABLE `edxl_co_roles` ENABLE KEYS */;
UNLOCK TABLES;

--
-- Table structure for table `edxl_de_header`
--

DROP TABLE IF EXISTS `edxl_de_header`;
/*!40101 SET @saved_cs_client     = @@character_set_client */;
/*!40101 SET character_set_client = utf8 */;
CREATE TABLE `edxl_de_header` (
  `de_id` int(11) NOT NULL,
  `when_sent` datetime NOT NULL,
  `sender_id` varchar(255) NOT NULL COMMENT 'Email, phone num, etc.  Not always URI, URN, URL',
  `distr_id` varchar(255) NOT NULL COMMENT 'Distribution ID.  Sender may or may not choose to vary.',
  `distr_status` enum('Actual','Exercise','System','Test') NOT NULL,
  `distr_type` enum('Ack','Cancel','Dispatch','Error','Report','Request','Response','Update') NOT NULL COMMENT 'Not included: types for sensor grids',
  `combined_conf` varchar(255) NOT NULL COMMENT 'Combined confidentiality of all content objects',
  `language` varchar(255) default NULL,
  `when_here` datetime NOT NULL COMMENT 'Received or sent from here.  [local]',
  `inbound` tinyint(1) NOT NULL default '1' COMMENT 'BOOLEAN [local]',
  PRIMARY KEY  (`de_id`)
) ENGINE=InnoDB DEFAULT CHARSET=utf8 COMMENT='Overall message base, defined by EDXL Distribution Element';
/*!40101 SET character_set_client = @saved_cs_client */;

--
-- Dumping data for table `edxl_de_header`
--

LOCK TABLES `edxl_de_header` WRITE;
/*!40000 ALTER TABLE `edxl_de_header` DISABLE KEYS */;
/*!40000 ALTER TABLE `edxl_de_header` ENABLE KEYS */;
UNLOCK TABLES;

--
-- Table structure for table `edxl_de_header_seq`
--

DROP TABLE IF EXISTS `edxl_de_header_seq`;
/*!40101 SET @saved_cs_client     = @@character_set_client */;
/*!40101 SET character_set_client = utf8 */;
CREATE TABLE `edxl_de_header_seq` (
  `id` bigint(20) NOT NULL auto_increment COMMENT 'stores next id in sequence for the edxl_de_header table',
  PRIMARY KEY  (`id`)
) ENGINE=InnoDB AUTO_INCREMENT=1 DEFAULT CHARSET=utf8;
/*!40101 SET character_set_client = @saved_cs_client */;

--
-- Dumping data for table `edxl_de_header_seq`
--

LOCK TABLES `edxl_de_header_seq` WRITE;
/*!40000 ALTER TABLE `edxl_de_header_seq` DISABLE KEYS */;
INSERT INTO `edxl_de_header_seq` (`id`) VALUES (1);
/*!40000 ALTER TABLE `edxl_de_header_seq` ENABLE KEYS */;
UNLOCK TABLES;

--
-- Table structure for table `edxl_de_keywords`
--

DROP TABLE IF EXISTS `edxl_de_keywords`;
/*!40101 SET @saved_cs_client     = @@character_set_client */;
/*!40101 SET character_set_client = utf8 */;
CREATE TABLE `edxl_de_keywords` (
  `de_id` int(11) NOT NULL,
  `keyword_num` int(11) NOT NULL default '0',
  `keyword_urn` varchar(255) NOT NULL,
  `keyword` varchar(255) character set latin1 NOT NULL,
  PRIMARY KEY  (`de_id`,`keyword_num`),
  CONSTRAINT `edxl_de_keywords_ibfk_1` FOREIGN KEY (`de_id`) REFERENCES `edxl_de_header` (`de_id`) ON DELETE CASCADE ON UPDATE CASCADE
) ENGINE=InnoDB DEFAULT CHARSET=utf8;
/*!40101 SET character_set_client = @saved_cs_client */;

--
-- Dumping data for table `edxl_de_keywords`
--

LOCK TABLES `edxl_de_keywords` WRITE;
/*!40000 ALTER TABLE `edxl_de_keywords` DISABLE KEYS */;
/*!40000 ALTER TABLE `edxl_de_keywords` ENABLE KEYS */;
UNLOCK TABLES;

--
-- Table structure for table `edxl_de_prior_messages`
--

DROP TABLE IF EXISTS `edxl_de_prior_messages`;
/*!40101 SET @saved_cs_client     = @@character_set_client */;
/*!40101 SET character_set_client = utf8 */;
CREATE TABLE `edxl_de_prior_messages` (
  `de_id` int(11) NOT NULL,
  `prior_msg_num` int(11) NOT NULL default '0',
  `when_sent` datetime NOT NULL COMMENT 'external time',
  `sender_id` varchar(255) NOT NULL COMMENT 'external ID',
  `distr_id` varchar(255) NOT NULL COMMENT 'external distribution ID',
  PRIMARY KEY  (`de_id`,`prior_msg_num`),
  CONSTRAINT `edxl_de_prior_messages_ibfk_1` FOREIGN KEY (`de_id`) REFERENCES `edxl_de_header` (`de_id`) ON DELETE CASCADE ON UPDATE CASCADE
) ENGINE=InnoDB DEFAULT CHARSET=utf8;
/*!40101 SET character_set_client = @saved_cs_client */;

--
-- Dumping data for table `edxl_de_prior_messages`
--

LOCK TABLES `edxl_de_prior_messages` WRITE;
/*!40000 ALTER TABLE `edxl_de_prior_messages` DISABLE KEYS */;
/*!40000 ALTER TABLE `edxl_de_prior_messages` ENABLE KEYS */;
UNLOCK TABLES;

--
-- Table structure for table `edxl_de_roles`
--

DROP TABLE IF EXISTS `edxl_de_roles`;
/*!40101 SET @saved_cs_client     = @@character_set_client */;
/*!40101 SET character_set_client = utf8 */;
CREATE TABLE `edxl_de_roles` (
  `de_id` int(11) NOT NULL,
  `role_num` int(11) NOT NULL default '0',
  `of_sender` tinyint(1) NOT NULL,
  `role_urn` varchar(255) NOT NULL,
  `role` varchar(255) NOT NULL,
  PRIMARY KEY  (`de_id`,`role_num`),
  KEY `role_idx` (`role_num`),
  CONSTRAINT `edxl_de_roles_ibfk_1` FOREIGN KEY (`de_id`) REFERENCES `edxl_de_header` (`de_id`) ON DELETE CASCADE ON UPDATE CASCADE
) ENGINE=InnoDB DEFAULT CHARSET=utf8;
/*!40101 SET character_set_client = @saved_cs_client */;

--
-- Dumping data for table `edxl_de_roles`
--

LOCK TABLES `edxl_de_roles` WRITE;
/*!40000 ALTER TABLE `edxl_de_roles` DISABLE KEYS */;
/*!40000 ALTER TABLE `edxl_de_roles` ENABLE KEYS */;
UNLOCK TABLES;

--
-- Table structure for table `edxl_de_target_addresses`
--

DROP TABLE IF EXISTS `edxl_de_target_addresses`;
/*!40101 SET @saved_cs_client     = @@character_set_client */;
/*!40101 SET character_set_client = utf8 */;
CREATE TABLE `edxl_de_target_addresses` (
  `de_id` int(11) NOT NULL,
  `address_num` int(11) NOT NULL default '0',
  `scheme` varchar(255) NOT NULL COMMENT 'Like "e-mail"',
  `value` varchar(255) NOT NULL,
  PRIMARY KEY  (`de_id`,`address_num`),
  CONSTRAINT `edxl_de_target_addresses_ibfk_1` FOREIGN KEY (`de_id`) REFERENCES `edxl_de_header` (`de_id`) ON DELETE CASCADE ON UPDATE CASCADE
) ENGINE=InnoDB DEFAULT CHARSET=utf8;
/*!40101 SET character_set_client = @saved_cs_client */;

--
-- Dumping data for table `edxl_de_target_addresses`
--

LOCK TABLES `edxl_de_target_addresses` WRITE;
/*!40000 ALTER TABLE `edxl_de_target_addresses` DISABLE KEYS */;
/*!40000 ALTER TABLE `edxl_de_target_addresses` ENABLE KEYS */;
UNLOCK TABLES;

--
-- Table structure for table `edxl_de_target_circles`
--

DROP TABLE IF EXISTS `edxl_de_target_circles`;
/*!40101 SET @saved_cs_client     = @@character_set_client */;
/*!40101 SET character_set_client = utf8 */;
CREATE TABLE `edxl_de_target_circles` (
  `de_id` int(11) NOT NULL,
  `circle_num` int(11) NOT NULL default '0',
  `latitude` float NOT NULL,
  `longitude` float NOT NULL,
  `radius_km` float NOT NULL,
  PRIMARY KEY  (`de_id`,`circle_num`),
  CONSTRAINT `edxl_de_target_circles_ibfk_1` FOREIGN KEY (`de_id`) REFERENCES `edxl_de_header` (`de_id`) ON DELETE CASCADE ON UPDATE CASCADE
) ENGINE=InnoDB DEFAULT CHARSET=utf8;
/*!40101 SET character_set_client = @saved_cs_client */;

--
-- Dumping data for table `edxl_de_target_circles`
--

LOCK TABLES `edxl_de_target_circles` WRITE;
/*!40000 ALTER TABLE `edxl_de_target_circles` DISABLE KEYS */;
/*!40000 ALTER TABLE `edxl_de_target_circles` ENABLE KEYS */;
UNLOCK TABLES;

--
-- Table structure for table `edxl_de_target_codes`
--

DROP TABLE IF EXISTS `edxl_de_target_codes`;
/*!40101 SET @saved_cs_client     = @@character_set_client */;
/*!40101 SET character_set_client = utf8 */;
CREATE TABLE `edxl_de_target_codes` (
  `de_id` int(11) NOT NULL,
  `codes_num` int(11) NOT NULL default '0',
  `code_type` enum('country','subdivision','locCodeUN') default NULL COMMENT 'Respectively (1) ISO 3166-1 2-letter country code (2) ISO 3166-2 code: country + "-" + per-country 2-3 char code like state, e.g., "US-MD". (3) UN transport hub code: country + "-" + 2-3 char code (cap ASCII or 2-9), e.g., "US-BWI"',
  `code` varchar(6) default NULL COMMENT 'See format examples for code_type field',
  PRIMARY KEY  (`de_id`,`codes_num`),
  CONSTRAINT `edxl_de_target_codes_ibfk_1` FOREIGN KEY (`de_id`) REFERENCES `edxl_de_header` (`de_id`) ON DELETE CASCADE ON UPDATE CASCADE
) ENGINE=InnoDB DEFAULT CHARSET=utf8;
/*!40101 SET character_set_client = @saved_cs_client */;

--
-- Dumping data for table `edxl_de_target_codes`
--

LOCK TABLES `edxl_de_target_codes` WRITE;
/*!40000 ALTER TABLE `edxl_de_target_codes` DISABLE KEYS */;
/*!40000 ALTER TABLE `edxl_de_target_codes` ENABLE KEYS */;
UNLOCK TABLES;

--
-- Table structure for table `edxl_de_target_polygons`
--

DROP TABLE IF EXISTS `edxl_de_target_polygons`;
/*!40101 SET @saved_cs_client     = @@character_set_client */;
/*!40101 SET character_set_client = utf8 */;
CREATE TABLE `edxl_de_target_polygons` (
  `de_id` int(11) NOT NULL,
  `poly_num` int(11) NOT NULL default '0',
  `point_num` int(11) NOT NULL default '0' COMMENT 'Point within this polygon',
  `latitude` float NOT NULL,
  `longitude` float NOT NULL,
  PRIMARY KEY  (`de_id`,`poly_num`,`point_num`),
  CONSTRAINT `edxl_de_target_polygons_ibfk_1` FOREIGN KEY (`de_id`) REFERENCES `edxl_de_header` (`de_id`) ON DELETE CASCADE ON UPDATE CASCADE
) ENGINE=InnoDB DEFAULT CHARSET=utf8;
/*!40101 SET character_set_client = @saved_cs_client */;

--
-- Dumping data for table `edxl_de_target_polygons`
--

LOCK TABLES `edxl_de_target_polygons` WRITE;
/*!40000 ALTER TABLE `edxl_de_target_polygons` DISABLE KEYS */;
/*!40000 ALTER TABLE `edxl_de_target_polygons` ENABLE KEYS */;
UNLOCK TABLES;

--
-- Table structure for table `expiry_queue`
--

DROP TABLE IF EXISTS `expiry_queue`;
/*!40101 SET @saved_cs_client     = @@character_set_client */;
/*!40101 SET character_set_client = utf8 */;
CREATE TABLE `expiry_queue` (
  `index` int(20) NOT NULL auto_increment,
  `p_uuid` varchar(128) default NULL,
  `requested_by_user_id` int(16) default NULL,
  `requested_when` timestamp NULL default CURRENT_TIMESTAMP,
  `requested_why` text COMMENT 'the reason (optional) why a expiration/deletion was requested',
  `queued` tinyint(1) default NULL COMMENT 'true when an expiration is requested',
  `approved_by_user_id` int(16) default NULL,
  `approved_when` timestamp NULL default NULL,
  `approved_why` text COMMENT 'the reason why an approval was accepted or rejected',
  `expired` tinyint(1) default NULL COMMENT 'true when a expiration is approved',
  PRIMARY KEY  (`index`)
) ENGINE=InnoDB AUTO_INCREMENT=1 DEFAULT CHARSET=utf8 COMMENT='person expiry request management queue and related informati';
/*!40101 SET character_set_client = @saved_cs_client */;

--
-- Dumping data for table `expiry_queue`
--

LOCK TABLES `expiry_queue` WRITE;
/*!40000 ALTER TABLE `expiry_queue` DISABLE KEYS */;
/*!40000 ALTER TABLE `expiry_queue` ENABLE KEYS */;
UNLOCK TABLES;

--
-- Table structure for table `field_options`
--

DROP TABLE IF EXISTS `field_options`;
/*!40101 SET @saved_cs_client     = @@character_set_client */;
/*!40101 SET character_set_client = utf8 */;
CREATE TABLE `field_options` (
  `field_name` varchar(100) default NULL,
  `option_code` varchar(10) default NULL,
  `option_description` varchar(50) default NULL,
  `display_order` int(8) default NULL,
  KEY `option_code` (`option_code`),
  KEY `option_description` (`option_description`)
) ENGINE=InnoDB DEFAULT CHARSET=utf8;
/*!40101 SET character_set_client = @saved_cs_client */;

--
-- Dumping data for table `field_options`
--

LOCK TABLES `field_options` WRITE;
/*!40000 ALTER TABLE `field_options` DISABLE KEYS */;
INSERT INTO `field_options` (`field_name`, `option_code`, `option_description`, `display_order`) VALUES ('opt_status','ali','Alive & Well',NULL),('opt_status','mis','Missing',NULL),('opt_status','inj','Injured',NULL),('opt_status','dec','Deceased',NULL),('opt_gender','mal','Male',NULL),('opt_gender','fml','Female',NULL),('opt_contact_type','home','Home(permanent address)',NULL),('opt_contact_type','name','Contact Person',NULL),('opt_contact_type','pmob','Personal Mobile',NULL),('opt_contact_type','curr','Current Phone',NULL),('opt_contact_type','cmob','Current Mobile',NULL),('opt_contact_type','email','Email address',NULL),('opt_contact_type','fax','Fax Number',NULL),('opt_contact_type','web','Website',NULL),('opt_contact_type','inst','Instant Messenger',NULL),('opt_eye_color','GRN','Green',NULL),('opt_eye_color','GRY','Gray',NULL),('opt_race','R1','American Indian or Alaska Native',NULL),('opt_race',NULL,'Unknown',NULL),('opt_eye_color','BRO','Brown',NULL),('opt_eye_color','BLU','Blue',NULL),('opt_eye_color','BLK','Black',NULL),('opt_skin_color','DRK','Dark',NULL),('opt_skin_color','BLK','Black',NULL),('opt_skin_color','ALB','Albino',NULL),('opt_hair_color','BLN','Blond or Strawberry',NULL),('opt_hair_color','BLK','Black',NULL),('opt_hair_color','BLD','Bald',NULL),('opt_location_type','2','Town or Neighborhood',NULL),('opt_location_type','1','County or Equivalent',NULL),('opt_contact_type','zip','Zip Code',NULL),('opt_eye_color',NULL,'Unknown',NULL),('opt_eye_color','HAZ','Hazel',NULL),('opt_eye_color','MAR','Maroon',NULL),('opt_eye_color','MUL','Multicolored',NULL),('opt_eye_color','PNK','Pink',NULL),('opt_skin_color','DBR','Dark Brown',NULL),('opt_skin_color','FAR','Fair',NULL),('opt_skin_color','LGT','Light',NULL),('opt_skin_color','LBR','Light Brown',NULL),('opt_skin_color','MED','Medium',NULL),('opt_skin_color',NULL,'Unknown',NULL),('opt_skin_color','OLV','Olive',NULL),('opt_skin_color','RUD','Ruddy',NULL),('opt_skin_color','SAL','Sallow',NULL),('opt_skin_color','YEL','Yellow',NULL),('opt_hair_color','BLU','Blue',NULL),('opt_hair_color','BRO','Brown',NULL),('opt_hair_color','GRY','Gray',NULL),('opt_hair_color','GRN','Green',NULL),('opt_hair_color','ONG','Orange',NULL),('opt_hair_color','PLE','Purple',NULL),('opt_hair_color','PNK','Pink',NULL),('opt_hair_color','RED','Red or Auburn',NULL),('opt_hair_color','SDY','Sandy',NULL),('opt_hair_color','WHI','White',NULL),('opt_race','R2','Asian',NULL),('opt_race','R3','Black or African American',NULL),('opt_race','R4','Native Hawaiian or Other Pacific Islander',NULL),('opt_race','R5','White',NULL),('opt_race','R9','Other Race',NULL),('opt_religion','PEV','Protestant, Evangelical',1),('opt_religion','PML','Protestant, Mainline',2),('opt_religion','PHB','Protestant, Historically Black',3),('opt_religion','CAT','Catholic',4),('opt_religion','MOM','Mormon',5),('opt_religion','JWN','Jehovah\'s Witness',6),('opt_religion','ORT','Orthodox',7),('opt_religion','COT','Other Christian',8),('opt_religion','JEW','Jewish',9),('opt_religion','BUD','Buddhist',10),('opt_religion','HIN','Hindu',11),('opt_religion','MOS','Muslim',12),('opt_religion','OTH','Other Faiths',13),('opt_religion','NOE','Unaffiliated',14),('opt_religion',NULL,'Unknown',15),('opt_hair_color',NULL,'Unknown',NULL),('opt_skin_color','MBR','Medium Brown',NULL),('opt_gender',NULL,'Unknown',NULL),('opt_gender','cpx','Complex',NULL),('opt_status','unk','Unknown',NULL),('opt_status','fnd','Found',NULL),('opt_status_color','fnd','#7E2217',NULL),('opt_status_color','ali','#167D21',NULL),('opt_status_color','inj','#FF0000',NULL),('opt_status_color','unk','#808080',NULL),('opt_status_color','dec','#000000',NULL),('opt_status_color','mis','#0000FF',NULL);
/*!40000 ALTER TABLE `field_options` ENABLE KEYS */;
UNLOCK TABLES;

--
-- Table structure for table `hospital`
--

DROP TABLE IF EXISTS `hospital`;
/*!40101 SET @saved_cs_client     = @@character_set_client */;
/*!40101 SET character_set_client = utf8 */;
CREATE TABLE `hospital` (
  `hospital_uuid` int(32) NOT NULL auto_increment,
  `name` varchar(60) NOT NULL default 'enter name here',
  `short_name` varchar(30) NOT NULL default 'shortname',
  `street1` varchar(120) default NULL,
  `street2` varchar(120) default NULL,
  `city` varchar(60) default NULL,
  `county` varchar(60) default NULL,
  `region` varchar(60) default NULL,
  `postal_code` varchar(16) default NULL,
  `country` varchar(32) default NULL,
  `latitude` double NOT NULL default '38.995523',
  `longitude` double NOT NULL default '-77.096597',
  `phone` varchar(16) default NULL,
  `fax` varchar(16) default NULL,
  `email` varchar(64) default NULL,
  `www` varchar(256) default NULL,
  `npi` varchar(32) default NULL,
  `patient_id_prefix` varchar(32) default NULL,
  `patient_id_suffix_variable` tinyint(1) NOT NULL default '1',
  `patient_id_suffix_fixed_length` int(11) NOT NULL default '0',
  `creation_time` timestamp NOT NULL default CURRENT_TIMESTAMP,
  `icon_url` varchar(128) default NULL,
  `legalese` text COMMENT 'legalese',
  `legaleseAnon` text COMMENT 'anonymized legalese',
  `legaleseTimestamp` timestamp NULL default NULL COMMENT 'when legalese was last updated',
  `legaleseAnonTimestamp` timestamp NULL default NULL COMMENT 'when legaleseAnon was last updated',
  `photo_required` tinyint(1) NOT NULL default '1' COMMENT 'Whether a photo is requred for incoming patients.',
  `honor_no_photo_request` tinyint(1) NOT NULL default '1' COMMENT 'Whether to honor requests no to save patient images.',
  `photographer_name_required` tinyint(1) NOT NULL default '0' COMMENT 'Whether to require if a photographer include his/her name.',
  PRIMARY KEY  (`hospital_uuid`)
) ENGINE=InnoDB AUTO_INCREMENT=10 DEFAULT CHARSET=utf8;
/*!40101 SET character_set_client = @saved_cs_client */;

--
-- Dumping data for table `hospital`
--

LOCK TABLES `hospital` WRITE;
/*!40000 ALTER TABLE `hospital` DISABLE KEYS */;
INSERT INTO `hospital` (`hospital_uuid`, `name`, `short_name`, `street1`, `street2`, `city`, `county`, `region`, `postal_code`, `country`, `latitude`, `longitude`, `phone`, `fax`, `email`, `www`, `npi`, `patient_id_prefix`, `patient_id_suffix_variable`, `patient_id_suffix_fixed_length`, `creation_time`, `icon_url`, `legalese`, `legaleseAnon`, `legaleseTimestamp`, `legaleseAnonTimestamp`, `photo_required`, `honor_no_photo_request`, `photographer_name_required`) VALUES (1,'Suburban Hospital','Suburban','8600 Old Georgetown Road','','Bethesda','Montgomery','MD','20814-1497','USA',43.4420293,-71.300549,'301-896-3118','','info@suburbanhospital.org','www.suburbanhospital.org','1205896446','911-',0,5,'2010-01-01 06:01:01','theme/lpf3/img/suburban.png','[This document is a straw man example, based on a reworking of the HIPAA policy statement at www.hhs.gov/hipaafaq/providers/hipaa-1068.html.  It has not been reviewed by legal council, nor reviewed or approved by Suburban Hospital or any other BHEPP member.]\n\n[The following is an example statement for attachment to a full record generated by \"TriagePic\".  Partial records (e.g., de-identified) have different statements.]\n\nNotice of Privacy Practices and Information Distribution\n========================================================\nSuburban Hospital is covered by HIPAA, so the provided disaster victim information (the \"record\", which may include a photo) is governed by provisions of the HIPAA Privacy Rule.\n\nDuring a disaster, HIPPA permits disclosures for treatment purposes, and certain disclosures to disaster relief organizations (like the American Red Cross) so that family members can be notified of the patient\'s location.  (See CFR 164.510(b)(4).\n\nThe primary of purpose of the record is for family reunification.  Secondary usages may include in-hospital patient tracking, treatment/continuity-of-care on patient transfer, disaster situational awareness and resource management, and feedback to emergency medical service providers who provide pre-hospital treatment.  The record (in various forms) will be distributed within Suburban Hospital, and to and within the institutions with which Suburban Hospital partners through the Bethesda Hospital Emergency Preparedness Partnership.  These are the NIH Clinical Center, Walter Reed National Military Medical Hospital, and National Library of Medicine.  In particular, the record is sent to NLM\'s Lost Person Finder database for exposure through the web site, with appropriate filtering and verification.  HIPAA allows patients to be listed in the facility directory, and some aspects of Lost Person Finder are analogous to that.  For more, see the Notice of Privacy Practices associated with the LPF web site.  \n\nThe record was generated by a \"TriagePic\" application, operated by Suburban Hospital personnel.  The application includes the ability to express the following [TO DO]:\n\n- patient agrees to let hospital personnel speak with family members or friends involved in the patient\'s care (45 CFR 164.510(b));\n- patient wishes to opt out of the facility directory (45 CFR 164.510(a));  [THIS MIGHT BE INTERPRETED AS OPTING OUT OF LPF.  MORE TO UNDERSTAND.]\n- patient requests privacy restrictions (45 CFR 164.522(a))\n- patient requests confidential communications (45 CFR 164.522(b))\n\n[IMPLICATIONS OF THESE CHOICES ON RECORD GENERATION NOT YET KNOWN.]\n\nIn addition, there is a requirement to distribute a notice of privacy practices, addressed by this attachment and the LPF Notice of Privacy Practices.\n\nPenalties for non-compliance with the above five rules may be waived, for a limited time in a limited geographical area, if the President declares an emergency or disaster AND the Health and Human Services Secretary declares a public health emergency.  Within that declared timespan, a hospital may rely on the waiver (which covers all patients present) only from the moment of instituting its disaster protocol to at most 72 hours later.  For more, see www.hhs.gov/hipaafaq/providers/hipaa-1068.html.  The waiver is authorized under the Project Bioshield Act of 2004 (PL 108-276) and section 1135(b) of the Social Security Act.\n\nPhoto Copyright\n===============\nThe attached photo if any was taken by an employee or volunteer of Suburban Hospital and is copyright Suburban Hospital in the year given by the reporting date.  Reproduction and distribution is permitted to the extent governed by policy for the overall record.  Please credit Suburban Hospital and the employee(s)/volunteer(s) listed.','[This document is a straw man example.  It has not been reviewed by legal council, nor reviewed or approved by Suburban Hospital or any other BHEPP member.]\n\n[The following is an example statement for attachment to an anonymized, de-identified record generated by \"TriagePic\".  Full records (e.g., patient-identified) may have different statements.]\n\nNotice of Privacy Practices and Information Distribution\n========================================================\nThe attached record was generated by a \"TriagePic\" application, operated by Suburban Hospital personnel at the point where disaster victims arrive at the hospital.  While the application does generate real-time patient-specific information (text and photo), the attached record has been anonymized/de-identified to remove patient identifiers (e.g., no photo), and is intended for public release.  It retains categorial information on gender and adult-vs.-child (\"Peds\"), as well as arrival time, and the hospital personnel involved.  It is intended to be useful for disaster situational awareness and rate-of-arrival purposes.\n\nNo system of de-identification that retains any useful information is perfect.  The recipient who uses this record in an effort to re-identify patients is responsible for any legal ramifications and potential violations of HIPAA or other laws pertaining to patient confidentiality.','2011-10-04 16:50:51','2011-10-04 16:50:51',1,1,0),(2,'Walter Reed National Military Medical Center','WRNMMC','8901 Rockville Pike','','Bethesda','Montgomery','MD','20889-0001','USA',39.00204,-77.0945,'301-295-4611','','','www.bethesda.med.navy.mil','1356317069','',1,0,'2010-09-22 22:49:34','theme/lpf3/img/nnmc.png','[This document is a straw man example, based on a reworking of the HIPAA policy statement at www.hhs.gov/hipaafaq/providers/hipaa-1068.html.  It has not been reviewed by legal council, nor reviewed or approved by Walter Reed National Naval Medical Center or any other BHEPP member.]\n\n[The following is an example statement for attachment to a full record generated by \"TriagePic\".  Partial records (e.g., de-identified) have different statements.]\n\nNotice of Privacy Practices and Information Distribution\n========================================================\nWalter Reed National Medical Medical Center is covered by HIPAA, so the provided disaster victim information (the \"record\", which may include a photo) is governed by provisions of the HIPAA Privacy Rule.\n\nDuring a disaster, HIPPA permits disclosures for treatment purposes, and certain disclosures to disaster relief organizations (like the American Red Cross) so that family members can be notified of the patient\'s location.  (See CFR 164.510(b)(4).\n\nThe primary of purpose of the record is for family reunification.  Secondary usages may include in-hospital patient tracking, treatment/continuity-of-care on patient transfer, disaster situational awareness and resource management, and feedback to emergency medical service providers who provide pre-hospital treatment.  The record (in various forms) will be distributed within Walter Reed National Medical Medical Center, and to and within the institutions with which National Naval Medical Center partners through the Bethesda Hospital Emergency Preparedness Partnership.  These are the NIH Clinical Center, Walter Reed National Medical Medical Hospital, and National Library of Medicine.  In particular, the record is sent to NLM\'s People Locator database for exposure through the web site, with appropriate filtering and verification.  HIPAA allows patients to be listed in the facility directory, and some aspects of People Locator are analogous to that.  For more, see the Notice of Privacy Practices associated with the PL web site.  \n\nThe record was generated by a \"TriagePic\" application, operated by Walter Reed National Military Medical Center personnel.  The application includes the ability to express the following [TO DO]:\n\n- patient agrees to let hospital personnel speak with family members or friends involved in the patient\'s care (45 CFR 164.510(b));\n- patient wishes to opt out of the facility directory (45 CFR 164.510(a));  [THIS MIGHT BE INTERPRETED AS OPTING OUT OF PL.  MORE TO UNDERSTAND.]\n- patient requests privacy restrictions (45 CFR 164.522(a))\n- patient requests confidential communications (45 CFR 164.522(b))\n\n[IMPLICATIONS OF THESE CHOICES ON RECORD GENERATION NOT YET KNOWN.]\n\nIn addition, there is a requirement to distribute a notice of privacy practices, addressed by this attachment and the PL Notice of Privacy Practices.\n\nPenalties for non-compliance with the above five rules may be waived, for a limited time in a limited geographical area, if the President declares an emergency or disaster AND the Health and Human Services Secretary declares a public health emergency.  Within that declared timespan, a hospital may rely on the waiver (which covers all patients present) only from the moment of instituting its disaster protocol to at most 72 hours later.  For more, see www.hhs.gov/hipaafaq/providers/hipaa-1068.html.  The waiver is authorized under the Project Bioshield Act of 2004 (PL 108-276) and section 1135(b) of the Social Security Act.\n\nPhoto Copyright\n===============\nThe attached photo if any was taken by an employee or volunteer of Walter Reed National Military Medical Center and is copyright Walter Reed National Military Medical Center in the year given by the reporting date.  Reproduction and distribution is permitted to the extent governed by policy for the overall record.  Please credit Walter Reed National Military Medical Center and the employee(s)/volunteer(s) listed.','[This document is a straw man example.  It has not been reviewed by legal council, nor reviewed or approved by Walter Reed National Military Medical Center or any other BHEPP member.]\n\n[The following is an example statement for attachment to an anonymized, de-identified record generated by \"TriagePic\".  Full records (e.g., patient-identified) may have different statements.]\n\nNotice of Privacy Practices and Information Distribution\n========================================================\nThe attached record was generated by a \"TriagePic\" application, operated by Walter Reed National Military Medical Center personnel at the point where disaster victims arrive at the hospital.  While the application does generate real-time patient-specific information (text and photo), the attached record has been anonymized/de-identified to remove patient identifiers (e.g., no photo), and is intended for public release.  It retains categorial information on gender and adult-vs.-child (\"Peds\"), as well as arrival time, and the hospital personnel involved.  It is intended to be useful for disaster situational awareness and rate-of-arrival purposes.\n\nNo system of de-identification that retains any useful information is perfect.  The recipient who uses this record in an effort to re-identify patients is responsible for any legal ramifications and potential violations of HIPAA or other laws pertaining to patient confidentiality.','2011-10-04 16:52:15','2011-10-04 16:52:15',1,1,0),(3,'NLM (testing)','NLM','9000 Rockville Pike','','Bethesda','Montgomery','MD','20892','USA',38.995523,-77.096597,'','','','www.nlm.nih.gov','1234567890','911-',1,-1,'2011-05-02 17:35:40','','[This document is a straw man example, based on a reworking of the HIPAA policy statement at www.hhs.gov/hipaafaq/providers/hipaa-1068.html.  It has not been reviewed by legal council, nor reviewed or approved by NLM or any other BHEPP member.]\n\n[The following is an example statement for attachment to a full record generated by \"TriagePic\".  Partial records (e.g., de-identified) have different statements.]\n\nNotice of Privacy Practices and Information Distribution\n========================================================\nRecords generated by NLM personnel during TriagePic testing do not generally represent real disaster victims.  Photos are most often of drill participants or NLM employees or contractors.\n\nFor any real disaster victim records gathered by a participating BHEPP hospital and provided to NLM:\n\nHospital records are generally covered by HIPAA, so the provided disaster victim information (the \"record\", which may include a photo) is governed by provisions of the HIPAA Privacy Rule.\n\nDuring a disaster, HIPPA permits disclosures for treatment purposes, and certain disclosures to disaster relief organizations (like the American Red Cross) so that family members can be notified of the patient\'s location.  (See CFR 164.510(b)(4).\n\nThe primary of purpose of the record is for family reunification.  Secondary usages may include in-hospital patient tracking, treatment/continuity-of-care on patient transfer, disaster situational awareness and resource management, and feedback to emergency medical service providers who provide pre-hospital treatment.  The record (in various forms) will be distributed within the originating hospital, within NLM (acting as if a hospital while testing by developers), and to and within the institutions with which NLM partners through the Bethesda Hospital Emergency Preparedness Partnership.  These are the NIH Clinical Center, Walter Reed National Medical Medical Hospital, and Suburban Hospital.  In particular, the record is sent to NLM\'s Person Locator database for exposure through the web site, with appropriate filtering and verification.  HIPAA allows patients to be listed in the facility directory, and some aspects of Person Locator are analogous to that.  For more, see the Notice of Privacy Practices associated with the PL web site.  \n\nThe record was generated by a \"TriagePic\" application, operated by BHEPP hospital personnel.  The application includes the ability to express the following [TO DO]:\n\n- patient agrees to let hospital personnel speak with family members or friends involved in the patient\'s care (45 CFR 164.510(b));\n- patient wishes to opt out of the facility directory (45 CFR 164.510(a));  [THIS MIGHT BE INTERPRETED AS OPTING OUT OF LPF.  MORE TO UNDERSTAND.]\n- patient requests privacy restrictions (45 CFR 164.522(a))\n- patient requests confidential communications (45 CFR 164.522(b))\n\n[IMPLICATIONS OF THESE CHOICES ON RECORD GENERATION NOT YET KNOWN.]\n\nIn addition, there is a requirement to distribute a notice of privacy practices, addressed by this attachment and the PL Notice of Privacy Practices.\n\nPenalties for non-compliance with the above five rules may be waived, for a limited time in a limited geographical area, if the President declares an emergency or disaster AND the Health and Human Services Secretary declares a public health emergency.  Within that declared timespan, a hospital may rely on the waiver (which covers all patients present) only from the moment of instituting its disaster protocol to at most 72 hours later.  For more, see www.hhs.gov/hipaafaq/providers/hipaa-1068.html.  The waiver is authorized under the Project Bioshield Act of 2004 (PL 108-276) and section 1135(b) of the Social Security Act.\n\nPhoto Copyright\n===============\nThe attached photo if any was taken by an employee, contractor, or volunteer of NLM or of another institutional member of the BHEPP partnership and may be in some cases copyrighted by that institution in the year given by the reporting date or earlier.  Reproduction and distribution is permitted to the extent governed by policy for the overall record.  Please credit the NLM and/or BHEPP and the staffers listed.','[This document is a straw man example.  It has not been reviewed by legal council, nor reviewed or approved by NLM or any other BHEPP member.]\n\n[The following is an example statement for attachment to an anonymized, de-identified record generated by \"TriagePic\".  Full records (e.g., patient-identified) may have different statements.]\n\nNotice of Privacy Practices and Information Distribution\n========================================================\nThe attached record was generated by a \"TriagePic\" application, operated by NLM personnel with test data, or, less likely, by actual BHEPP-partner hospital personnel at the point where disaster victims arrive at the hospital.  While the application does generate real-time patient-specific information (text and photo), the attached record has been anonymized/de-identified to remove patient identifiers (e.g., no photo), and is intended for public release.  It retains categorial information on gender and adult-vs.-child (\"Peds\"), as well as arrival time, and the hospital personnel involved.  It is intended to be useful for disaster situational awareness and rate-of-arrival purposes.\n\nNo system of de-identification that retains any useful information is perfect.  The recipient who uses this record in an effort to re-identify patients is responsible for any legal ramifications and potential violations of HIPAA or other laws pertaining to patient confidentiality.','2011-10-04 16:53:01','2011-10-04 16:53:01',1,1,0),(4,'Shady Grove Adventist Hospital','Shady Grove','9901 Medical Center Drive','','Rockville','Montgomery','MD','20850','USA',39.096975,-77.199597,'(240) 826-6000','','','www.shadygroveadventisthospital.com','1376754457','',1,0,'2011-09-16 14:22:01','','...','...','2011-10-04 16:53:30','2011-10-04 16:53:30',1,1,0),(5,'Holy Cross Hospital','Holy Cross','1500 Forest Glen Road','','Silver Spring','Montgomery','MD','20910','USA',39.015784,-77.0359073,'301-754-7000','','','www.holycrosshealth.org','1225067101','',1,0,'2011-09-16 14:28:57','','...','...','2011-10-04 16:53:47','2011-10-04 16:53:47',1,1,0),(7,'Virginia Hospital Center, Arlington','VHC Arlington','1701 N. George Mason Drive','','Arlington','Arlington','VA','22205-3698','USA',38.889643,-77.126661,'(703) 558-5000','(703) 558-5787','','www.virginiahospitalcenter.com','1790785996','',1,0,'2011-09-16 14:38:11','','...','...','2011-10-04 16:53:57','2011-10-04 16:53:57',1,1,0),(8,'St. Francis BG','SFBG','1600 Albany Street','','Beech Grove','','Indiana','46107','',39,-77.101,'','','','http://www.stfrancishospitals.org/DesktopDefault.aspx?tabid=67','1205931706','',1,0,'2012-01-17 18:06:25','','','',NULL,NULL,1,1,0),(9,'St. Francis IND','STF-IND','8111 S Emerson Ave','','Indianapolis','','IN','46237','',39.6483541,-86.0823324,'(317) 528-5000','','','http://www.stfrancishospitals.org/DesktopDefault.aspx?tabid=67','1386749893 ','',1,0,'2012-01-17 18:08:32','','','',NULL,NULL,1,1,0);
/*!40000 ALTER TABLE `hospital` ENABLE KEYS */;
UNLOCK TABLES;

--
-- Table structure for table `image`
--

DROP TABLE IF EXISTS `image`;
/*!40101 SET @saved_cs_client     = @@character_set_client */;
/*!40101 SET character_set_client = utf8 */;
CREATE TABLE `image` (
  `image_id` bigint(20) NOT NULL,
  `p_uuid` varchar(128) NOT NULL,
  `image_type` varchar(100) NOT NULL,
  `image_height` int(11) default NULL,
  `image_width` int(11) default NULL,
  `created` timestamp NOT NULL default CURRENT_TIMESTAMP,
  `url` varchar(512) default NULL,
  `url_thumb` varchar(512) default NULL,
  `original_filename` varchar(64) default NULL,
  `principal` tinyint(1) NOT NULL default '1',
  PRIMARY KEY  (`image_id`),
  KEY `p_uuid` (`p_uuid`),
  KEY `principal` (`principal`),
  CONSTRAINT `image_ibfk_1` FOREIGN KEY (`p_uuid`) REFERENCES `person_uuid` (`p_uuid`) ON DELETE CASCADE ON UPDATE CASCADE
) ENGINE=InnoDB DEFAULT CHARSET=utf8;
/*!40101 SET character_set_client = @saved_cs_client */;

--
-- Dumping data for table `image`
--

LOCK TABLES `image` WRITE;
/*!40000 ALTER TABLE `image` DISABLE KEYS */;
/*!40000 ALTER TABLE `image` ENABLE KEYS */;
UNLOCK TABLES;

--
-- Table structure for table `image_seq`
--

DROP TABLE IF EXISTS `image_seq`;
/*!40101 SET @saved_cs_client     = @@character_set_client */;
/*!40101 SET character_set_client = utf8 */;
CREATE TABLE `image_seq` (
  `id` bigint(20) NOT NULL auto_increment COMMENT 'stores next id in sequence for the image table',
  PRIMARY KEY  (`id`)
) ENGINE=InnoDB AUTO_INCREMENT=1 DEFAULT CHARSET=utf8;
/*!40101 SET character_set_client = @saved_cs_client */;

--
-- Dumping data for table `image_seq`
--

LOCK TABLES `image_seq` WRITE;
/*!40000 ALTER TABLE `image_seq` DISABLE KEYS */;
INSERT INTO `image_seq` (`id`) VALUES (1);
/*!40000 ALTER TABLE `image_seq` ENABLE KEYS */;
UNLOCK TABLES;

--
-- Table structure for table `image_tag`
--

DROP TABLE IF EXISTS `image_tag`;
/*!40101 SET @saved_cs_client     = @@character_set_client */;
/*!40101 SET character_set_client = utf8 */;
CREATE TABLE `image_tag` (
  `tag_id` int(12) NOT NULL auto_increment,
  `image_id` bigint(20) NOT NULL,
  `tag_x` int(12) NOT NULL,
  `tag_y` int(12) NOT NULL,
  `tag_w` int(12) NOT NULL,
  `tag_h` int(12) NOT NULL,
  `tag_text` varchar(128) NOT NULL,
  PRIMARY KEY  (`tag_id`),
  KEY `tag_id` (`tag_id`,`image_id`),
  KEY `image_id` (`image_id`),
  CONSTRAINT `image_tag_ibfk_1` FOREIGN KEY (`image_id`) REFERENCES `image` (`image_id`) ON DELETE CASCADE ON UPDATE CASCADE
) ENGINE=InnoDB DEFAULT CHARSET=utf8;
/*!40101 SET character_set_client = @saved_cs_client */;

--
-- Dumping data for table `image_tag`
--

LOCK TABLES `image_tag` WRITE;
/*!40000 ALTER TABLE `image_tag` DISABLE KEYS */;
/*!40000 ALTER TABLE `image_tag` ENABLE KEYS */;
UNLOCK TABLES;

--
-- Table structure for table `image_tag_seq`
--

DROP TABLE IF EXISTS `image_tag_seq`;
/*!40101 SET @saved_cs_client     = @@character_set_client */;
/*!40101 SET character_set_client = utf8 */;
CREATE TABLE `image_tag_seq` (
  `id` bigint(20) NOT NULL auto_increment COMMENT 'stores next id in sequence for the image_tag table',
  PRIMARY KEY  (`id`)
) ENGINE=InnoDB AUTO_INCREMENT=1 DEFAULT CHARSET=utf8;
/*!40101 SET character_set_client = @saved_cs_client */;

--
-- Dumping data for table `image_tag_seq`
--

LOCK TABLES `image_tag_seq` WRITE;
/*!40000 ALTER TABLE `image_tag_seq` DISABLE KEYS */;
INSERT INTO `image_tag_seq` (`id`) VALUES (1);
/*!40000 ALTER TABLE `image_tag_seq` ENABLE KEYS */;
UNLOCK TABLES;

--
-- Table structure for table `incident`
--

DROP TABLE IF EXISTS `incident`;
/*!40101 SET @saved_cs_client     = @@character_set_client */;
/*!40101 SET character_set_client = utf8 */;
CREATE TABLE `incident` (
  `incident_id` bigint(20) NOT NULL auto_increment,
  `parent_id` bigint(20) default NULL,
  `search_id` varchar(60) default NULL,
  `name` varchar(60) default NULL,
  `shortname` varchar(16) default NULL,
  `date` date default NULL,
  `type` varchar(32) default NULL,
  `latitude` double default NULL,
  `longitude` double default NULL,
  `default` tinyint(1) default NULL,
  `private_group` int(11) default NULL,
  `closed` tinyint(1) NOT NULL default '0',
  `description` varchar(1024) default NULL,
  `street` varchar(256) default NULL,
  `external_report` varchar(8192) default NULL,
  PRIMARY KEY  (`incident_id`),
  UNIQUE KEY `shortname_idx` (`shortname`),
  KEY `parent_id` (`parent_id`),
  KEY `private_group` (`private_group`),
  CONSTRAINT `incident_ibfk_1` FOREIGN KEY (`private_group`) REFERENCES `sys_user_groups` (`group_id`) ON DELETE CASCADE ON UPDATE CASCADE
) ENGINE=InnoDB AUTO_INCREMENT=2 DEFAULT CHARSET=utf8;
/*!40101 SET character_set_client = @saved_cs_client */;

--
-- Dumping data for table `incident`
--

LOCK TABLES `incident` WRITE;
/*!40000 ALTER TABLE `incident` DISABLE KEYS */;
INSERT INTO `incident` (`incident_id`, `parent_id`, `search_id`, `name`, `shortname`, `date`, `type`, `latitude`, `longitude`, `default`, `private_group`, `closed`, `description`, `street`, `external_report`) VALUES (1,NULL,NULL,'Test Exercise','test','2000-01-01','TEST',0,0,1,NULL,0,'for the Test Exercise','','');
/*!40000 ALTER TABLE `incident` ENABLE KEYS */;
UNLOCK TABLES;

--
-- Table structure for table `incident_seq`
--

DROP TABLE IF EXISTS `incident_seq`;
/*!40101 SET @saved_cs_client     = @@character_set_client */;
/*!40101 SET character_set_client = utf8 */;
CREATE TABLE `incident_seq` (
  `id` bigint(20) NOT NULL auto_increment COMMENT 'stores next id in sequence for the incident table',
  PRIMARY KEY  (`id`)
) ENGINE=InnoDB AUTO_INCREMENT=2 DEFAULT CHARSET=utf8;
/*!40101 SET character_set_client = @saved_cs_client */;

--
-- Dumping data for table `incident_seq`
--

LOCK TABLES `incident_seq` WRITE;
/*!40000 ALTER TABLE `incident_seq` DISABLE KEYS */;
INSERT INTO `incident_seq` (`id`) VALUES (2);
/*!40000 ALTER TABLE `incident_seq` ENABLE KEYS */;
UNLOCK TABLES;

--
-- Table structure for table `mpres_log`
--

DROP TABLE IF EXISTS `mpres_log`;
/*!40101 SET @saved_cs_client     = @@character_set_client */;
/*!40101 SET character_set_client = utf8 */;
CREATE TABLE `mpres_log` (
  `log_index` int(11) NOT NULL auto_increment,
  `p_uuid` varchar(128) NOT NULL,
  `email_subject` varchar(256) NOT NULL,
  `email_from` varchar(128) NOT NULL,
  `email_date` varchar(64) NOT NULL,
  `update_time` datetime NOT NULL,
  `xml_format` varchar(16) default NULL COMMENT 'MPRES (unstructured) or XML Format of Incoming Email',
  PRIMARY KEY  (`log_index`),
  KEY `p_uuid` (`p_uuid`),
  CONSTRAINT `mpres_log_ibfk_1` FOREIGN KEY (`p_uuid`) REFERENCES `person_uuid` (`p_uuid`) ON DELETE CASCADE ON UPDATE CASCADE
) ENGINE=InnoDB DEFAULT CHARSET=utf8;
/*!40101 SET character_set_client = @saved_cs_client */;

--
-- Dumping data for table `mpres_log`
--

LOCK TABLES `mpres_log` WRITE;
/*!40000 ALTER TABLE `mpres_log` DISABLE KEYS */;
/*!40000 ALTER TABLE `mpres_log` ENABLE KEYS */;
UNLOCK TABLES;

--
-- Table structure for table `mpres_messages`
--

DROP TABLE IF EXISTS `mpres_messages`;
/*!40101 SET @saved_cs_client     = @@character_set_client */;
/*!40101 SET character_set_client = utf8 */;
CREATE TABLE `mpres_messages` (
  `ix` int(32) NOT NULL auto_increment COMMENT 'the index',
  `when` timestamp NOT NULL default CURRENT_TIMESTAMP COMMENT 'when the script was last executed',
  `messages` text COMMENT 'the message log from the execution',
  `error_code` int(12) default NULL,
  PRIMARY KEY  (`ix`)
) ENGINE=InnoDB DEFAULT CHARSET=utf8 COMMENT='stores the message log from mpres module';
/*!40101 SET character_set_client = @saved_cs_client */;

--
-- Dumping data for table `mpres_messages`
--

LOCK TABLES `mpres_messages` WRITE;
/*!40000 ALTER TABLE `mpres_messages` DISABLE KEYS */;
/*!40000 ALTER TABLE `mpres_messages` ENABLE KEYS */;
UNLOCK TABLES;

--
-- Table structure for table `mpres_seq`
--

DROP TABLE IF EXISTS `mpres_seq`;
/*!40101 SET @saved_cs_client     = @@character_set_client */;
/*!40101 SET character_set_client = utf8 */;
CREATE TABLE `mpres_seq` (
  `id` bigint(20) NOT NULL auto_increment,
  `last_executed` timestamp NOT NULL default CURRENT_TIMESTAMP,
  `last_message` text,
  PRIMARY KEY  (`id`)
) ENGINE=InnoDB AUTO_INCREMENT=1 DEFAULT CHARSET=utf8 COMMENT='stores status of mpres module';
/*!40101 SET character_set_client = @saved_cs_client */;

--
-- Dumping data for table `mpres_seq`
--

LOCK TABLES `mpres_seq` WRITE;
/*!40000 ALTER TABLE `mpres_seq` DISABLE KEYS */;
INSERT INTO `mpres_seq` (`id`, `last_executed`, `last_message`) VALUES (1,'2012-04-01 04:00:00','');
/*!40000 ALTER TABLE `mpres_seq` ENABLE KEYS */;
UNLOCK TABLES;

--
-- Table structure for table `old_passwords`
--

DROP TABLE IF EXISTS `old_passwords`;
/*!40101 SET @saved_cs_client     = @@character_set_client */;
/*!40101 SET character_set_client = utf8 */;
CREATE TABLE `old_passwords` (
  `p_uuid` varchar(60) NOT NULL,
  `password` varchar(100) NOT NULL default '',
  `changed_timestamp` bigint(20) NOT NULL,
  PRIMARY KEY  (`p_uuid`,`password`)
) ENGINE=InnoDB DEFAULT CHARSET=utf8;
/*!40101 SET character_set_client = @saved_cs_client */;

--
-- Dumping data for table `old_passwords`
--

LOCK TABLES `old_passwords` WRITE;
/*!40000 ALTER TABLE `old_passwords` DISABLE KEYS */;
/*!40000 ALTER TABLE `old_passwords` ENABLE KEYS */;
UNLOCK TABLES;

--
-- Table structure for table `password_event_log`
--

DROP TABLE IF EXISTS `password_event_log`;
/*!40101 SET @saved_cs_client     = @@character_set_client */;
/*!40101 SET character_set_client = utf8 */;
CREATE TABLE `password_event_log` (
  `log_id` bigint(20) NOT NULL auto_increment,
  `changed_timestamp` timestamp NULL default CURRENT_TIMESTAMP,
  `p_uuid` varchar(128) NOT NULL,
  `user_name` varchar(100) NOT NULL,
  `comment` varchar(100) NOT NULL,
  `event_type` varchar(32) default NULL,
  PRIMARY KEY  (`log_id`),
  KEY `p_uuid` (`p_uuid`),
  CONSTRAINT `password_event_log_ibfk_1` FOREIGN KEY (`p_uuid`) REFERENCES `person_uuid` (`p_uuid`) ON DELETE CASCADE ON UPDATE CASCADE
) ENGINE=InnoDB AUTO_INCREMENT=1 DEFAULT CHARSET=utf8;
/*!40101 SET character_set_client = @saved_cs_client */;

--
-- Dumping data for table `password_event_log`
--

LOCK TABLES `password_event_log` WRITE;
/*!40000 ALTER TABLE `password_event_log` DISABLE KEYS */;
/*!40000 ALTER TABLE `password_event_log` ENABLE KEYS */;
UNLOCK TABLES;

--
-- Table structure for table `person_deceased`
--

DROP TABLE IF EXISTS `person_deceased`;
/*!40101 SET @saved_cs_client     = @@character_set_client */;
/*!40101 SET character_set_client = utf8 */;
CREATE TABLE `person_deceased` (
  `deceased_id` int(11) NOT NULL auto_increment,
  `p_uuid` varchar(128) NOT NULL,
  `details` text,
  `date_of_death` date default NULL,
  `location` varchar(20) default NULL,
  `place_of_death` text,
  `comments` text,
  PRIMARY KEY  (`deceased_id`),
  UNIQUE KEY `p_uuid` (`p_uuid`),
  CONSTRAINT `person_deceased_ibfk_1` FOREIGN KEY (`p_uuid`) REFERENCES `person_uuid` (`p_uuid`) ON DELETE CASCADE ON UPDATE CASCADE
) ENGINE=InnoDB DEFAULT CHARSET=utf8;
/*!40101 SET character_set_client = @saved_cs_client */;

--
-- Dumping data for table `person_deceased`
--

LOCK TABLES `person_deceased` WRITE;
/*!40000 ALTER TABLE `person_deceased` DISABLE KEYS */;
/*!40000 ALTER TABLE `person_deceased` ENABLE KEYS */;
UNLOCK TABLES;

--
-- Table structure for table `person_details`
--

DROP TABLE IF EXISTS `person_details`;
/*!40101 SET @saved_cs_client     = @@character_set_client */;
/*!40101 SET character_set_client = utf8 */;
CREATE TABLE `person_details` (
  `details_id` int(11) NOT NULL auto_increment,
  `p_uuid` varchar(128) NOT NULL,
  `birth_date` date default NULL,
  `opt_race` varchar(10) default NULL,
  `opt_religion` varchar(10) default NULL,
  `opt_gender` varchar(10) default NULL,
  `years_old` int(7) default NULL,
  `minAge` int(7) default NULL,
  `maxAge` int(7) default NULL,
  `last_seen` text,
  `last_clothing` text,
  `other_comments` text,
  PRIMARY KEY  (`details_id`),
  UNIQUE KEY `p_uuid` (`p_uuid`),
  KEY `opt_gender` (`opt_gender`),
  KEY `years_old` (`years_old`),
  CONSTRAINT `person_details_ibfk_1` FOREIGN KEY (`p_uuid`) REFERENCES `person_uuid` (`p_uuid`) ON DELETE CASCADE ON UPDATE CASCADE
) ENGINE=InnoDB AUTO_INCREMENT=1 DEFAULT CHARSET=utf8;
/*!40101 SET character_set_client = @saved_cs_client */;

--
-- Dumping data for table `person_details`
--

LOCK TABLES `person_details` WRITE;
/*!40000 ALTER TABLE `person_details` DISABLE KEYS */;
INSERT INTO `person_details` (`details_id`, `p_uuid`, `birth_date`, `opt_race`, `opt_religion`, `opt_gender`, `years_old`, `minAge`, `maxAge`, `last_seen`, `last_clothing`, `other_comments`) VALUES (2995458,'3',NULL,NULL,NULL,NULL,NULL,NULL,NULL,NULL,NULL,NULL),(2996977,'4',NULL,NULL,NULL,NULL,NULL,18,150,'NLM (testing) Hospital',NULL,'LPF notification - disaster victim arrives at hospital triage station');
/*!40000 ALTER TABLE `person_details` ENABLE KEYS */;
UNLOCK TABLES;

--
-- Table structure for table `person_followers`
--

DROP TABLE IF EXISTS `person_followers`;
/*!40101 SET @saved_cs_client     = @@character_set_client */;
/*!40101 SET character_set_client = utf8 */;
CREATE TABLE `person_followers` (
  `id` int(16) NOT NULL auto_increment,
  `p_uuid` varchar(128) NOT NULL,
  `follower_p_uuid` varchar(128) NOT NULL,
  PRIMARY KEY  (`id`),
  KEY `p_uuid` (`p_uuid`),
  KEY `follower_p_uuid` (`follower_p_uuid`),
  CONSTRAINT `person_followers_ibfk_1` FOREIGN KEY (`p_uuid`) REFERENCES `person_uuid` (`p_uuid`) ON DELETE CASCADE ON UPDATE CASCADE,
  CONSTRAINT `person_followers_ibfk_2` FOREIGN KEY (`follower_p_uuid`) REFERENCES `person_uuid` (`p_uuid`) ON DELETE CASCADE ON UPDATE CASCADE
) ENGINE=InnoDB DEFAULT CHARSET=utf8;
/*!40101 SET character_set_client = @saved_cs_client */;

--
-- Dumping data for table `person_followers`
--

LOCK TABLES `person_followers` WRITE;
/*!40000 ALTER TABLE `person_followers` DISABLE KEYS */;
/*!40000 ALTER TABLE `person_followers` ENABLE KEYS */;
UNLOCK TABLES;

--
-- Table structure for table `person_notes`
--

DROP TABLE IF EXISTS `person_notes`;
/*!40101 SET @saved_cs_client     = @@character_set_client */;
/*!40101 SET character_set_client = utf8 */;
CREATE TABLE `person_notes` (
  `note_id` int(11) NOT NULL auto_increment,
  `note_about_p_uuid` varchar(128) NOT NULL,
  `note_written_by_p_uuid` varchar(128) NOT NULL,
  `note` varchar(1024) NOT NULL,
  `when` timestamp NOT NULL default CURRENT_TIMESTAMP,
  `suggested_status` varchar(3) default NULL COMMENT 'the status of the person as suggested by the note maker',
  PRIMARY KEY  (`note_id`),
  KEY `note_about_p_uuid` (`note_about_p_uuid`),
  KEY `note_written_by_p_uuid` (`note_written_by_p_uuid`),
  CONSTRAINT `person_notes_ibfk_1` FOREIGN KEY (`note_about_p_uuid`) REFERENCES `person_uuid` (`p_uuid`) ON DELETE CASCADE ON UPDATE CASCADE,
  CONSTRAINT `person_notes_ibfk_2` FOREIGN KEY (`note_written_by_p_uuid`) REFERENCES `person_uuid` (`p_uuid`) ON DELETE CASCADE ON UPDATE CASCADE
) ENGINE=InnoDB AUTO_INCREMENT=1 DEFAULT CHARSET=utf8;
/*!40101 SET character_set_client = @saved_cs_client */;

--
-- Dumping data for table `person_notes`
--

LOCK TABLES `person_notes` WRITE;
/*!40000 ALTER TABLE `person_notes` DISABLE KEYS */;
/*!40000 ALTER TABLE `person_notes` ENABLE KEYS */;
UNLOCK TABLES;

--
-- Table structure for table `person_physical`
--

DROP TABLE IF EXISTS `person_physical`;
/*!40101 SET @saved_cs_client     = @@character_set_client */;
/*!40101 SET character_set_client = utf8 */;
CREATE TABLE `person_physical` (
  `physical_id` int(11) NOT NULL auto_increment,
  `p_uuid` varchar(128) NOT NULL,
  `opt_blood_type` varchar(10) default NULL,
  `height` varchar(10) default NULL,
  `weight` varchar(10) default NULL,
  `opt_eye_color` varchar(50) default NULL,
  `opt_skin_color` varchar(50) default NULL,
  `opt_hair_color` varchar(50) default NULL,
  `injuries` text,
  `comments` text,
  PRIMARY KEY  (`physical_id`),
  UNIQUE KEY `p_uuid` (`p_uuid`),
  CONSTRAINT `person_physical_ibfk_1` FOREIGN KEY (`p_uuid`) REFERENCES `person_uuid` (`p_uuid`) ON DELETE CASCADE ON UPDATE CASCADE
) ENGINE=InnoDB AUTO_INCREMENT=1 DEFAULT CHARSET=utf8;
/*!40101 SET character_set_client = @saved_cs_client */;

--
-- Dumping data for table `person_physical`
--

LOCK TABLES `person_physical` WRITE;
/*!40000 ALTER TABLE `person_physical` DISABLE KEYS */;
/*!40000 ALTER TABLE `person_physical` ENABLE KEYS */;
UNLOCK TABLES;

--
-- Temporary table structure for view `person_search`
--

DROP TABLE IF EXISTS `person_search`;
/*!50001 DROP VIEW IF EXISTS `person_search`*/;
/*!50001 CREATE TABLE `person_search` (
  `p_uuid` varchar(128),
  `full_name` varchar(100),
  `given_name` varchar(50),
  `family_name` varchar(50),
  `expiry_date` datetime,
  `updated` datetime,
  `updated_db` datetime,
  `opt_status` varchar(3),
  `opt_gender` varchar(10),
  `years_old` bigint(11),
  `minAge` bigint(11),
  `maxAge` bigint(11),
  `ageGroup` varchar(7),
  `image_height` int(11),
  `image_width` int(11),
  `url_thumb` varchar(512),
  `icon_url` varchar(128),
  `shortname` varchar(16),
  `hospital` varchar(30),
  `comments` text,
  `last_seen` text,
  `mass_casualty_id` varchar(255)
) ENGINE=MyISAM */;

--
-- Table structure for table `person_seq`
--

DROP TABLE IF EXISTS `person_seq`;
/*!40101 SET @saved_cs_client     = @@character_set_client */;
/*!40101 SET character_set_client = utf8 */;
CREATE TABLE `person_seq` (
  `id` int(11) NOT NULL
) ENGINE=InnoDB DEFAULT CHARSET=utf8;
/*!40101 SET character_set_client = @saved_cs_client */;

--
-- Dumping data for table `person_seq`
--

LOCK TABLES `person_seq` WRITE;
/*!40000 ALTER TABLE `person_seq` DISABLE KEYS */;
INSERT INTO `person_seq` (`id`) VALUES (100);
/*!40000 ALTER TABLE `person_seq` ENABLE KEYS */;
UNLOCK TABLES;

--
-- Table structure for table `person_status`
--

DROP TABLE IF EXISTS `person_status`;
/*!40101 SET @saved_cs_client     = @@character_set_client */;
/*!40101 SET character_set_client = utf8 */;
CREATE TABLE `person_status` (
  `status_id` int(11) NOT NULL auto_increment,
  `p_uuid` varchar(128) NOT NULL,
  `opt_status` varchar(3) NOT NULL default 'unk',
  `last_updated` datetime default NULL,
  `creation_time` datetime default NULL,
  `last_updated_db` datetime default NULL COMMENT 'Last DB update. (For SOLR indexing.)',
  PRIMARY KEY  (`status_id`),
  UNIQUE KEY `p_uuid` (`p_uuid`),
  KEY `last_updated_db` (`last_updated_db`),
  KEY `opt_status` (`opt_status`),
  KEY `last_updated` (`last_updated`),
  CONSTRAINT `person_status_ibfk_1` FOREIGN KEY (`p_uuid`) REFERENCES `person_uuid` (`p_uuid`) ON DELETE CASCADE ON UPDATE CASCADE
) ENGINE=InnoDB AUTO_INCREMENT=1 DEFAULT CHARSET=utf8;
/*!40101 SET character_set_client = @saved_cs_client */;

--
-- Dumping data for table `person_status`
--

LOCK TABLES `person_status` WRITE;
/*!40000 ALTER TABLE `person_status` DISABLE KEYS */;
/*!40000 ALTER TABLE `person_status` ENABLE KEYS */;
UNLOCK TABLES;

--
-- Table structure for table `person_to_report`
--

DROP TABLE IF EXISTS `person_to_report`;
/*!40101 SET @saved_cs_client     = @@character_set_client */;
/*!40101 SET character_set_client = utf8 */;
CREATE TABLE `person_to_report` (
  `p_uuid` varchar(128) NOT NULL,
  `rep_uuid` varchar(128) NOT NULL,
  PRIMARY KEY  (`p_uuid`,`rep_uuid`),
  KEY `rep_uuid` (`rep_uuid`),
  CONSTRAINT `person_to_report_ibfk_1` FOREIGN KEY (`p_uuid`) REFERENCES `person_uuid` (`p_uuid`) ON DELETE CASCADE ON UPDATE CASCADE
) ENGINE=InnoDB DEFAULT CHARSET=utf8;
/*!40101 SET character_set_client = @saved_cs_client */;

--
-- Dumping data for table `person_to_report`
--

LOCK TABLES `person_to_report` WRITE;
/*!40000 ALTER TABLE `person_to_report` DISABLE KEYS */;
/*!40000 ALTER TABLE `person_to_report` ENABLE KEYS */;
UNLOCK TABLES;

--
-- Table structure for table `person_updates`
--

DROP TABLE IF EXISTS `person_updates`;
/*!40101 SET @saved_cs_client     = @@character_set_client */;
/*!40101 SET character_set_client = utf8 */;
CREATE TABLE `person_updates` (
  `update_index` int(32) NOT NULL auto_increment,
  `p_uuid` varchar(128) NOT NULL,
  `update_time` timestamp NOT NULL default CURRENT_TIMESTAMP,
  `updated_table` varchar(64) NOT NULL,
  `updated_column` varchar(64) NOT NULL,
  `old_value` varchar(512) default NULL,
  `new_value` varchar(512) default NULL,
  `updated_by_p_uuid` varchar(128) NOT NULL,
  PRIMARY KEY  (`update_index`),
  KEY `p_uuid` (`p_uuid`),
  KEY `updated_by_p_uuid` (`updated_by_p_uuid`),
  CONSTRAINT `person_updates_ibfk_1` FOREIGN KEY (`p_uuid`) REFERENCES `person_uuid` (`p_uuid`) ON DELETE CASCADE ON UPDATE CASCADE,
  CONSTRAINT `person_updates_ibfk_2` FOREIGN KEY (`updated_by_p_uuid`) REFERENCES `person_uuid` (`p_uuid`) ON DELETE CASCADE ON UPDATE CASCADE
) ENGINE=InnoDB AUTO_INCREMENT=1 DEFAULT CHARSET=utf8;
/*!40101 SET character_set_client = @saved_cs_client */;

--
-- Dumping data for table `person_updates`
--

LOCK TABLES `person_updates` WRITE;
/*!40000 ALTER TABLE `person_updates` DISABLE KEYS */;
/*!40000 ALTER TABLE `person_updates` ENABLE KEYS */;
UNLOCK TABLES;

--
-- Table structure for table `person_uuid`
--

DROP TABLE IF EXISTS `person_uuid`;
/*!40101 SET @saved_cs_client     = @@character_set_client */;
/*!40101 SET character_set_client = utf8 */;
CREATE TABLE `person_uuid` (
  `p_uuid` varchar(128) NOT NULL,
  `full_name` varchar(100) default NULL,
  `family_name` varchar(50) default NULL,
  `given_name` varchar(50) default NULL,
  `incident_id` bigint(20) default NULL,
  `hospital_uuid` int(32) default NULL,
  `expiry_date` datetime default NULL,
  PRIMARY KEY  (`p_uuid`),
  KEY `full_name_idx` (`full_name`),
  KEY `incident_id_index` (`incident_id`),
  KEY `hospital_index` (`hospital_uuid`),
  CONSTRAINT `person_uuid_ibfk_1` FOREIGN KEY (`incident_id`) REFERENCES `incident` (`incident_id`) ON DELETE CASCADE ON UPDATE CASCADE,
  CONSTRAINT `person_uuid_ibfk_2` FOREIGN KEY (`hospital_uuid`) REFERENCES `hospital` (`hospital_uuid`) ON DELETE SET NULL ON UPDATE CASCADE
) ENGINE=InnoDB DEFAULT CHARSET=utf8;
/*!40101 SET character_set_client = @saved_cs_client */;

--
-- Dumping data for table `person_uuid`
--

LOCK TABLES `person_uuid` WRITE;
/*!40000 ALTER TABLE `person_uuid` DISABLE KEYS */;
INSERT INTO `person_uuid` (`p_uuid`, `full_name`, `family_name`, `given_name`, `incident_id`, `hospital_uuid`, `expiry_date`) VALUES ('1','Root /','/','Root',NULL,NULL,NULL),('2','Email System','System','Email',NULL,NULL,NULL),('3','Anonymous User','User','Anonymous',NULL,NULL,NULL),('4','TestFrom WebServices','WebServices','TestFrom',NULL,NULL,NULL);
/*!40000 ALTER TABLE `person_uuid` ENABLE KEYS */;
UNLOCK TABLES;

--
-- Table structure for table `pfif_export_log`
--

DROP TABLE IF EXISTS `pfif_export_log`;
/*!40101 SET @saved_cs_client     = @@character_set_client */;
/*!40101 SET character_set_client = utf8 */;
CREATE TABLE `pfif_export_log` (
  `log_index` int(11) NOT NULL auto_increment,
  `repository_id` int(11) default '0',
  `direction` varchar(3) NOT NULL default 'in',
  `status` varchar(10) NOT NULL,
  `start_mode` varchar(10) NOT NULL,
  `start_time` datetime default NULL,
  `end_time` datetime default NULL,
  `first_entry` datetime NOT NULL,
  `last_entry` datetime NOT NULL,
  `last_count` int(11) default '0',
  `person_count` int(11) default '0',
  `note_count` int(11) default '0',
  PRIMARY KEY  (`log_index`),
  KEY `repository_id` (`repository_id`),
  CONSTRAINT `pfif_export_log_ibfk_1` FOREIGN KEY (`repository_id`) REFERENCES `pfif_repository` (`id`) ON DELETE CASCADE ON UPDATE CASCADE,
  CONSTRAINT `pfif_export_log_ibfk_2` FOREIGN KEY (`repository_id`) REFERENCES `pfif_repository` (`id`) ON DELETE CASCADE ON UPDATE CASCADE
) ENGINE=InnoDB AUTO_INCREMENT=1 DEFAULT CHARSET=utf8;
/*!40101 SET character_set_client = @saved_cs_client */;

--
-- Dumping data for table `pfif_export_log`
--

LOCK TABLES `pfif_export_log` WRITE;
/*!40000 ALTER TABLE `pfif_export_log` DISABLE KEYS */;
/*!40000 ALTER TABLE `pfif_export_log` ENABLE KEYS */;
UNLOCK TABLES;

--
-- Table structure for table `pfif_harvest_note_log`
--

DROP TABLE IF EXISTS `pfif_harvest_note_log`;
/*!40101 SET @saved_cs_client     = @@character_set_client */;
/*!40101 SET character_set_client = utf8 */;
CREATE TABLE `pfif_harvest_note_log` (
  `log_index` int(11) NOT NULL auto_increment,
  `repository_id` int(11) default '0',
  `direction` varchar(3) NOT NULL default 'in',
  `status` varchar(10) NOT NULL,
  `start_mode` varchar(10) NOT NULL,
  `start_time` datetime default NULL,
  `end_time` datetime default NULL,
  `first_entry` datetime NOT NULL,
  `last_entry` datetime NOT NULL,
  `last_count` int(11) default '0',
  `note_count` int(11) default '0',
  PRIMARY KEY  (`log_index`),
  KEY `repository_id` (`repository_id`),
  CONSTRAINT `pfif_harvest_note_log_ibfk_1` FOREIGN KEY (`repository_id`) REFERENCES `pfif_repository` (`id`) ON DELETE CASCADE ON UPDATE CASCADE,
  CONSTRAINT `pfif_harvest_note_log_ibfk_2` FOREIGN KEY (`repository_id`) REFERENCES `pfif_repository` (`id`) ON DELETE CASCADE ON UPDATE CASCADE
) ENGINE=InnoDB AUTO_INCREMENT=1 DEFAULT CHARSET=utf8;
/*!40101 SET character_set_client = @saved_cs_client */;

--
-- Dumping data for table `pfif_harvest_note_log`
--

LOCK TABLES `pfif_harvest_note_log` WRITE;
/*!40000 ALTER TABLE `pfif_harvest_note_log` DISABLE KEYS */;
/*!40000 ALTER TABLE `pfif_harvest_note_log` ENABLE KEYS */;
UNLOCK TABLES;

--
-- Table structure for table `pfif_harvest_person_log`
--

DROP TABLE IF EXISTS `pfif_harvest_person_log`;
/*!40101 SET @saved_cs_client     = @@character_set_client */;
/*!40101 SET character_set_client = utf8 */;
CREATE TABLE `pfif_harvest_person_log` (
  `log_index` int(11) NOT NULL auto_increment,
  `repository_id` int(11) default '0',
  `direction` varchar(3) NOT NULL default 'in',
  `status` varchar(10) NOT NULL,
  `start_mode` varchar(10) NOT NULL,
  `start_time` datetime default NULL,
  `end_time` datetime default NULL,
  `first_entry` datetime NOT NULL,
  `last_entry` datetime NOT NULL,
  `last_count` int(11) default '0',
  `person_count` int(11) default '0',
  `images_in` int(11) default '0',
  `images_retried` int(11) default '0',
  `images_failed` int(11) default '0',
  PRIMARY KEY  (`log_index`),
  KEY `repository_id` (`repository_id`),
  CONSTRAINT `pfif_harvest_person_log_ibfk_1` FOREIGN KEY (`repository_id`) REFERENCES `pfif_repository` (`id`) ON DELETE CASCADE ON UPDATE CASCADE
) ENGINE=InnoDB AUTO_INCREMENT=1 DEFAULT CHARSET=utf8;
/*!40101 SET character_set_client = @saved_cs_client */;

--
-- Dumping data for table `pfif_harvest_person_log`
--

LOCK TABLES `pfif_harvest_person_log` WRITE;
/*!40000 ALTER TABLE `pfif_harvest_person_log` DISABLE KEYS */;
/*!40000 ALTER TABLE `pfif_harvest_person_log` ENABLE KEYS */;
UNLOCK TABLES;

--
-- Table structure for table `pfif_note`
--

DROP TABLE IF EXISTS `pfif_note`;
/*!40101 SET @saved_cs_client     = @@character_set_client */;
/*!40101 SET character_set_client = utf8 */;
CREATE TABLE `pfif_note` (
  `note_record_id` varchar(128) NOT NULL,
  `p_uuid` varchar(128) NOT NULL,
  `source_version` varchar(10) NOT NULL default '1.3',
  `source_repository_id` int(11) default NULL,
  `linked_person_record_id` varchar(128) default NULL,
  `entry_date` datetime NOT NULL,
  `author_name` varchar(100) default NULL,
  `author_email` varchar(100) default NULL,
  `author_phone` varchar(100) default NULL,
  `source_date` datetime NOT NULL,
  `found` varchar(5) default NULL,
  `status` varchar(20) default NULL,
  `email_of_found_person` varchar(100) default NULL,
  `phone_of_found_person` varchar(100) default NULL,
  `last_known_location` text,
  `text` text,
  PRIMARY KEY  (`note_record_id`),
  KEY `p_uuid` (`p_uuid`),
  KEY `source_repository_id` (`source_repository_id`),
  KEY `linked_person_record_id` (`linked_person_record_id`)
) ENGINE=InnoDB DEFAULT CHARSET=utf8 COMMENT='IMPORT WILL FAIL if you add foreign key constraints.';
/*!40101 SET character_set_client = @saved_cs_client */;

--
-- Dumping data for table `pfif_note`
--

LOCK TABLES `pfif_note` WRITE;
/*!40000 ALTER TABLE `pfif_note` DISABLE KEYS */;
/*!40000 ALTER TABLE `pfif_note` ENABLE KEYS */;
UNLOCK TABLES;

--
-- Table structure for table `pfif_note_seq`
--

DROP TABLE IF EXISTS `pfif_note_seq`;
/*!40101 SET @saved_cs_client     = @@character_set_client */;
/*!40101 SET character_set_client = utf8 */;
CREATE TABLE `pfif_note_seq` (
  `id` int(11) NOT NULL
) ENGINE=InnoDB DEFAULT CHARSET=utf8;
/*!40101 SET character_set_client = @saved_cs_client */;

--
-- Dumping data for table `pfif_note_seq`
--

LOCK TABLES `pfif_note_seq` WRITE;
/*!40000 ALTER TABLE `pfif_note_seq` DISABLE KEYS */;
INSERT INTO `pfif_note_seq` (`id`) VALUES (1);
/*!40000 ALTER TABLE `pfif_note_seq` ENABLE KEYS */;
UNLOCK TABLES;

--
-- Table structure for table `pfif_person`
--

DROP TABLE IF EXISTS `pfif_person`;
/*!40101 SET @saved_cs_client     = @@character_set_client */;
/*!40101 SET character_set_client = utf8 */;
CREATE TABLE `pfif_person` (
  `p_uuid` varchar(128) NOT NULL,
  `source_version` varchar(10) NOT NULL,
  `source_repository_id` int(11) NOT NULL,
  `entry_date` datetime NOT NULL,
  `expiry_date` datetime default NULL,
  `author_name` varchar(100) default NULL,
  `author_email` varchar(100) default NULL,
  `author_phone` varchar(100) default NULL,
  `source_name` varchar(100) default NULL,
  `source_date` datetime default NULL,
  `source_url` varchar(512) default NULL,
  `full_name` varchar(128) default NULL,
  `first_name` varchar(100) default NULL,
  `last_name` varchar(100) default NULL,
  `home_city` varchar(100) default NULL,
  `home_state` varchar(15) default NULL,
  `home_country` varchar(2) default NULL,
  `home_neighborhood` varchar(100) default NULL,
  `home_street` varchar(100) default NULL,
  `home_postal_code` varchar(16) default NULL,
  `photo_url` varchar(512) default NULL,
  `sex` varchar(10) default NULL,
  `date_of_birth` date default NULL,
  `age` varchar(10) default NULL,
  `other` text,
  PRIMARY KEY  (`p_uuid`),
  KEY `source_repository_id` (`source_repository_id`)
) ENGINE=InnoDB DEFAULT CHARSET=utf8;
/*!40101 SET character_set_client = @saved_cs_client */;

--
-- Dumping data for table `pfif_person`
--

LOCK TABLES `pfif_person` WRITE;
/*!40000 ALTER TABLE `pfif_person` DISABLE KEYS */;
/*!40000 ALTER TABLE `pfif_person` ENABLE KEYS */;
UNLOCK TABLES;

--
-- Table structure for table `pfif_repository`
--

DROP TABLE IF EXISTS `pfif_repository`;
/*!40101 SET @saved_cs_client     = @@character_set_client */;
/*!40101 SET character_set_client = utf8 */;
CREATE TABLE `pfif_repository` (
  `id` int(11) NOT NULL auto_increment,
  `name` varchar(100) NOT NULL,
  `incident_id` bigint(11) default NULL,
  `base_url` varchar(512) default NULL,
  `subdomain` varchar(32) default 'YMz6eKr-yEA3TXGp',
  `auth_key` varchar(16) default 'YMz6eKr-yEA3TXGp',
  `resource_type` varchar(6) default NULL,
  `role` varchar(6) default NULL,
  `granularity` varchar(20) NOT NULL default 'YYYY-MM-DDThh:mm:ssZ',
  `deleted_record` varchar(10) NOT NULL default 'no',
  `sched_interval_minutes` int(11) NOT NULL default '0',
  `log_granularity` varchar(20) NOT NULL default '24:00:00',
  `first_entry` datetime default NULL,
  `last_entry` datetime default NULL,
  `total_persons` int(11) NOT NULL default '0',
  `total_notes` int(11) NOT NULL default '0',
  PRIMARY KEY  (`id`),
  KEY `incident_id` (`incident_id`),
  CONSTRAINT `pfif_repository_ibfk_1` FOREIGN KEY (`incident_id`) REFERENCES `incident` (`incident_id`) ON DELETE CASCADE ON UPDATE CASCADE
) ENGINE=InnoDB AUTO_INCREMENT=1 DEFAULT CHARSET=utf8;
/*!40101 SET character_set_client = @saved_cs_client */;

--
-- Dumping data for table `pfif_repository`
--

LOCK TABLES `pfif_repository` WRITE;
/*!40000 ALTER TABLE `pfif_repository` DISABLE KEYS */;
/*!40000 ALTER TABLE `pfif_repository` ENABLE KEYS */;
UNLOCK TABLES;

--
-- Table structure for table `phonetic_word`
--

DROP TABLE IF EXISTS `phonetic_word`;
/*!40101 SET @saved_cs_client     = @@character_set_client */;
/*!40101 SET character_set_client = utf8 */;
CREATE TABLE `phonetic_word` (
  `encode1` varchar(50) default NULL,
  `encode2` varchar(50) default NULL,
  `pgl_uuid` varchar(128) default NULL
) ENGINE=InnoDB DEFAULT CHARSET=utf8;
/*!40101 SET character_set_client = @saved_cs_client */;

--
-- Dumping data for table `phonetic_word`
--

LOCK TABLES `phonetic_word` WRITE;
/*!40000 ALTER TABLE `phonetic_word` DISABLE KEYS */;
/*!40000 ALTER TABLE `phonetic_word` ENABLE KEYS */;
UNLOCK TABLES;

--
-- Table structure for table `plus_access_log`
--

DROP TABLE IF EXISTS `plus_access_log`;
/*!40101 SET @saved_cs_client     = @@character_set_client */;
/*!40101 SET character_set_client = utf8 */;
CREATE TABLE `plus_access_log` (
  `access_id` int(16) NOT NULL auto_increment,
  `access_time` timestamp NOT NULL default CURRENT_TIMESTAMP,
  `application` varchar(32) default NULL,
  `version` varchar(16) default NULL,
  `ip` varchar(16) default NULL,
  `call` varchar(64) default NULL,
  `api_version` varchar(8) default NULL,
  `latitude` double default NULL COMMENT 'lat of the ip address',
  `longitude` double default NULL COMMENT 'lon of the ip address',
  `user_name` varchar(100) default NULL COMMENT 'users.user_name that make the call',
  PRIMARY KEY  (`access_id`),
  KEY `user_idx` (`user_name`),
  KEY `ip_idx` (`ip`),
  CONSTRAINT `plus_access_log_ibfk_1` FOREIGN KEY (`user_name`) REFERENCES `users` (`user_name`) ON DELETE CASCADE ON UPDATE CASCADE
) ENGINE=InnoDB AUTO_INCREMENT=1 DEFAULT CHARSET=utf8;
/*!40101 SET character_set_client = @saved_cs_client */;

--
-- Dumping data for table `plus_access_log`
--

LOCK TABLES `plus_access_log` WRITE;
/*!40000 ALTER TABLE `plus_access_log` DISABLE KEYS */;
/*!40000 ALTER TABLE `plus_access_log` ENABLE KEYS */;
UNLOCK TABLES;

--
-- Table structure for table `plus_report_log`
--

DROP TABLE IF EXISTS `plus_report_log`;
/*!40101 SET @saved_cs_client     = @@character_set_client */;
/*!40101 SET character_set_client = utf8 */;
CREATE TABLE `plus_report_log` (
  `report_id` int(16) NOT NULL auto_increment,
  `p_uuid` varchar(128) NOT NULL,
  `report_time` timestamp NOT NULL default CURRENT_TIMESTAMP,
  `enum` varchar(16) default NULL,
  PRIMARY KEY  (`report_id`),
  KEY `p_uuid` (`p_uuid`),
  CONSTRAINT `plus_report_log_ibfk_1` FOREIGN KEY (`p_uuid`) REFERENCES `person_uuid` (`p_uuid`) ON DELETE CASCADE ON UPDATE CASCADE
) ENGINE=InnoDB AUTO_INCREMENT=1 DEFAULT CHARSET=utf8;
/*!40101 SET character_set_client = @saved_cs_client */;

--
-- Dumping data for table `plus_report_log`
--

LOCK TABLES `plus_report_log` WRITE;
/*!40000 ALTER TABLE `plus_report_log` DISABLE KEYS */;
/*!40000 ALTER TABLE `plus_report_log` ENABLE KEYS */;
UNLOCK TABLES;

--
-- Table structure for table `pop_outlog`
--

DROP TABLE IF EXISTS `pop_outlog`;
/*!40101 SET @saved_cs_client     = @@character_set_client */;
/*!40101 SET character_set_client = utf8 */;
CREATE TABLE `pop_outlog` (
  `outlog_index` int(11) NOT NULL auto_increment,
  `mod_accessed` varchar(8) NOT NULL,
  `time_sent` timestamp NOT NULL default CURRENT_TIMESTAMP on update CURRENT_TIMESTAMP,
  `send_status` varchar(8) NOT NULL,
  `error_message` varchar(512) NOT NULL,
  `email_subject` varchar(256) NOT NULL,
  `email_from` varchar(128) NOT NULL,
  `email_recipients` varchar(256) NOT NULL,
  PRIMARY KEY  (`outlog_index`)
) ENGINE=InnoDB AUTO_INCREMENT=1 DEFAULT CHARSET=utf8;
/*!40101 SET character_set_client = @saved_cs_client */;

--
-- Dumping data for table `pop_outlog`
--

LOCK TABLES `pop_outlog` WRITE;
/*!40000 ALTER TABLE `pop_outlog` DISABLE KEYS */;
/*!40000 ALTER TABLE `pop_outlog` ENABLE KEYS */;
UNLOCK TABLES;

--
-- Table structure for table `rap_log`
--

DROP TABLE IF EXISTS `rap_log`;
/*!40101 SET @saved_cs_client     = @@character_set_client */;
/*!40101 SET character_set_client = utf8 */;
CREATE TABLE `rap_log` (
  `rap_id` int(16) NOT NULL auto_increment,
  `p_uuid` varchar(128) NOT NULL,
  `report_time` timestamp NOT NULL default CURRENT_TIMESTAMP,
  PRIMARY KEY  (`rap_id`),
  KEY `p_uuid` (`p_uuid`),
  CONSTRAINT `rap_log_ibfk_1` FOREIGN KEY (`p_uuid`) REFERENCES `person_uuid` (`p_uuid`) ON DELETE CASCADE ON UPDATE CASCADE
) ENGINE=InnoDB AUTO_INCREMENT=1 DEFAULT CHARSET=utf8;
/*!40101 SET character_set_client = @saved_cs_client */;

--
-- Dumping data for table `rap_log`
--

LOCK TABLES `rap_log` WRITE;
/*!40000 ALTER TABLE `rap_log` DISABLE KEYS */;
/*!40000 ALTER TABLE `rap_log` ENABLE KEYS */;
UNLOCK TABLES;

--
-- Table structure for table `rez_pages`
--

DROP TABLE IF EXISTS `rez_pages`;
/*!40101 SET @saved_cs_client     = @@character_set_client */;
/*!40101 SET character_set_client = utf8 */;
CREATE TABLE `rez_pages` (
  `rez_page_id` int(11) NOT NULL auto_increment,
  `rez_menu_title` varchar(64) NOT NULL,
  `rez_menu_order` int(11) NOT NULL,
  `rez_content` mediumtext NOT NULL,
  `rez_timestamp` timestamp NOT NULL default CURRENT_TIMESTAMP on update CURRENT_TIMESTAMP,
  `rez_visibility` varchar(16) NOT NULL,
  `rez_locale` varchar(6) NOT NULL DEFAULT 'en_US',  
  PRIMARY KEY  (`rez_page_id`)
) ENGINE=InnoDB AUTO_INCREMENT=100 DEFAULT CHARSET=utf8;
/*!40101 SET character_set_client = @saved_cs_client */;

--
-- Dumping data for table `rez_pages`
--

LOCK TABLES `rez_pages` WRITE;
/*!40000 ALTER TABLE `rez_pages` DISABLE KEYS */;
INSERT INTO `rez_pages` (`rez_page_id`, `rez_menu_title`, `rez_menu_order`, `rez_content`, `rez_timestamp`, `rez_visibility`, `rez_locale`) VALUES
(-45, 'PLUS Web Service API', 38, '<a href="https://docs.google.com/document/d/17pApAVZvg4g93sjZOY3Rp8-MfSu8wSRMycUca3LXNJc/edit?hl=en_US">Click here to open the Google Doc for the PLUS Web Services</a><br>', '2012-03-01 21:29:28', 'Hidden', 'en_US'),
(-30, 'ABOUT', 36, '<meta http-equiv="content-type" content="text/html; charset=utf-8"><span class="Apple-style-span" style="font-family: ''Times New Roman''; font-size: medium; "><pre style="word-wrap: break-word; white-space: pre-wrap; ">Some of the Sahana Agasti modules are being actively developed, maintained, or customized by the U.S. National Library of Medicine (NLM), located on the National Institutes of Health (NIH) campus in Bethesda, Maryland. NLM is in a community partnership with 3 nearby hospitals (National Naval Medical Center, NIH Clinical Center, Suburban Hospital) to improve emergency responses to a mass disaster impacting those hospitals. The partnership, called the Bethesda Hospitals'' Emergency Preparedness Partnership (BHEPP), received initial federal funding for LPF and other NLM IT projects in 2008-9. The LPF project is currently supported by the Intramural Research Program of the NIH, through NLMs Lister Hill National Center for Biomedical Communications (LHNCBC). Software development is headed by LHNCBC''s Communication Engineering Branch (CEB), with additional content from LHNCBC''s Computer Science Branch (CSB) and the Disaster Information Management Research Center (DIMRC), part of NLM''s Specialized Information Services.</pre></span>', '2012-03-01 21:29:33', 'Hidden', 'en_US'),
(-20, 'Access Denied', -20, 'You do not have permission to access this event. If you believe this is in error, please contact lpfsupport@mail.nih.gov', '2011-06-14 16:59:53', 'Hidden', 'en_US'),
(-6, 'Password Reset.', 8, '<div><br></div><div>Your password has been successfully reset and the new password emailed to you.</div>', '2011-06-14 17:09:49', 'Hidden', 'en_US'),
(-5, 'Account activated.', 7, '<div><br></div><div>Your account has been successfully activated. You may now <a href="index.php?mod=pref&amp;act=loginForm" title="login" target="">login to the site</a> to begin using it.</div>', '2011-06-14 17:09:49', 'Hidden', 'en_US'),
(-4, 'Account already active.', 6, '<div><br></div><div>This confirmation link is no longer valid. The account attached to it is already active.</div>', '2011-06-14 17:06:55', 'Hidden', 'en_US'),
(11, 'How do I search for a person?', 14, '<h2>Searching</h2>\n1) Enter a name in the search box<br>\n2) Click on the "Search" button, or hit Enter <br>\n<br>\n<i>Examples:</i><br>\n<br>\n Joseph Doe<br>\n Doe, Jane<br>\n Joseph Joe Joey<br>\n<br>\nIt is best to leave off titles ("Dr.", "Mrs.") and suffixes ("Jr") at this time.<br>\n<br>\n<br>\n<h2>Search Options</h2>\nOnce you have performed a search, you may also limit your results by status, gender, and age.<br>\n<br>\nStatus choices are missing (blue), alive and well (green), injured (red), deceased (black), found (brown) or unknown (gray).<br>\n<br>\nGender choices are male, female, and other/unknown.<br>\n<br>\nAge choices are 0-17, 18+, or unknown.<br><br>If you want to see only records that have photos, include "[image]" in the search box.&nbsp; Use "[-image]" to see only records that have no photos.<br>\n<br>\n<br>\n<h2>Results</h2>\nResults include any of the search terms.&nbsp; To tolerate misspellings, results are not limited to exact matches.&nbsp; Matches may include names found in certain fields, like Notes, that will be visible only if you consult the record''s details.<br>\n<br>\nUnder the search box is the number of records found that match your search, and the total number in the database (e.g., Found 2 out of 43).<br>\n<br>\nYou may sort your results by Time, Name, Age, or Status.&nbsp; By Name orders by last name, then within that, first.&nbsp; By Age will use a calculated midpoint age for each record with an age range. <br>\n<br>\nInteractive mode displays results by page.  The default is 25 per page.  You may change it to 50 or 100 per page via the pull down menu at the top of the results.<br>\n<br>\nHands Free mode displays results as several horizontally-scrolling rows of boxes with a photograph or text.  The boxes always distribute themselves evenly among the rows, starting at the right side and from top row to bottom.  If there are more boxes than can be shown at once, the rows will become animated to scroll horizontally with wrap-around.  There is no meaning to the ordering of the images at this time.<br>\n<br>\n<br>\n<h2>Getting Details about a Given Results<br></h2>\nClick on the results (photo or text) for more information.<br>\n<br>\n<br>\n<h2>Pause and Play Buttons</h2>\nIf horizontal scrolling is occurring, Pause will stop that, and Play will resume it.  Even while paused, the search will be repeated every minute to look for fresh content.<br>\n<br>\n<br>\n<h2>Search and Data Updates</h2>\nOnce a set of results for a search is loaded, the search will be quietly repeated every minute to see if there is new content.<br><br>New Information can be input via the Report a Person page, or sent to us directly by email or web service, e.g., from apps like ReUnite and TriagePic.\n<br>\n<br><br>', '2011-11-22 20:39:09', 'Public', 'en_US'),
(24, 'Links to other organizations', 35, '<h2>Find Family and Friends</h2>\n<a href="https://safeandwell.communityos.org/cms//" title="Red Cross Safe and Well List">Red Cross Safe and Well List</a><br>\n<a href="http://www.nokr.org/nok/restricted/home.htm" title="Next of Kin National Registry">Next of Kin National Registry</a><br>\n<a href="http://www.lrcf.net/create-flyer/" title="Missing Person Flier Creation Tools">Missing Person Flier Creation Tools</a><br>\n<br>\n\n<h2>Disaster Resources - General</h2>\n<a target="" title="Disaster Assistance" href="http://www.disasterassistance.gov/">Disaster Assistance</a><br>\n<a href="http://app.redcross.org/nss-app/" title="Red Cross Provides Shelters and Food">Red Cross Provides Shelters and Food</a><br>\n<a target="" title="NLM''s Disaster Information Management Resource Center" href="http://disasterinfo.nlm.nih.gov">NLM''s Disaster Information Management Resource Center</a>, currently highlighting flood and hurricane information.<br> \n\n<h2>Disaster Resources - Tornadoes</h2>\n<a target="" title="Tornado Information from the Disaster Information Management Resource Center" href="http://disaster.nlm.nih.gov/enviro/tornados.html">From the Disaster Information Management Resource Center</a><br>\n<a target="" title="Tornado Information  from MedlinePlus" href="http://www.nlm.nih.gov/medlineplus/tornadoes.html">From MedlinePlus</a><br>\n<a target="" title="NOAA 2011 Tornado Information" href="http://www.noaanews.noaa.gov/2011_tornado_information.html">From NOAA 2011</a><br>\n<a target="" title="From Joplin Globe''s Facebook page" href="http://www.poynter.org/latest-news/making-sense-of-news/133446/joplin-globes-facebook-page-locates-reunites-missing-people-in-tornado-aftermath/">About Joplin Globe''s Facebook page -  locates, reunites missing people in tornado aftermath</a>\n\n\n\n\n', '2012-03-01 21:29:37', 'Public', 'en_US'),
(43, 'How do I report a missing or found person?', 18, '<div style="">\n<script type="text/javascript" src="res/js/jquery-1.4.4.min.js"></script>\n<script type="text/javascript" src="res/js/animatedcollapse.js"></script>\n<script>\nanimatedcollapse.addDiv(''more_reunite_en'', ''fade=1,hide=1'');\nanimatedcollapse.addDiv(''more_email_en'', ''fade=1,hide=1'');\nanimatedcollapse.addDiv(''more_reunite_es'', ''fade=1,hide=1'');\nanimatedcollapse.addDiv(''more_email_es'', ''fade=1,hide=1'');\nanimatedcollapse.addDiv(''more_reunite_fr'', ''fade=1,hide=1'');\nanimatedcollapse.addDiv(''more_email_fr'', ''fade=1,hide=1'');\nanimatedcollapse.init();\nanimatedcollapse.ontoggle=function($, divobj, state){}\n</script>\n\n<h1>Reporting a Missing or Found Person</h1>\n<ul>\n  <li><b>By Browser.</b> Use the "Report a Person" link at left.  This is the way to update a report, too.</li>\n  <li><b>By iPhone, iPod Touch, or iPad.</b> Get our free <a href="http://lpf.nlm.nih.gov/" title="">ReUnite app</a> from the Apple Store (<a href="#reunite_en">details...</a>).</li>\n  <li><b>By Email.</b> Put name and status in the subject line, as in "Jane Doe missing", attach a photo, and send to <a href="mailto:disaster@mail.nih.gov">disaster@mail.nih.gov</a> (<a href="#email_en">details...</a>).</li>\n  <li><b>By Specialized Software for Hospitals.</b> Ask NLM about our "TriagePic" Windows software for triage stations.</li>\n</ul>\n<br>\n<p>[<a href="#reporting_es">[TO DO: In Spanish]</a>]</p>\n<p>[<a href="#reporting_fr">En Franais</a>]</p>\n<br>\n<h1>Details</h1>\n\n<a id="reunite_en"><br><h4>Reporting using our iPhone App, ReUnite</h4></a>\n\nOf particular interest to aid workers, we provide a free iPhone app called <a href="http://lpf.nlm.nih.gov/" title="">ReUnite</a> through the Apple Store.&nbsp;\nThis creates structured content with associated photographs (limited to 1 per submission so far).&nbsp;\nMore information can be transmitted to us this way than using the unstructured email method below.<br>\n<br>\nReUnite currently supports iPhone 3G and iPhone 4 with iPhone OS 3.0 or later.&nbsp; iPod Touch and iPad are also usable.<br>\n<br>\n&nbsp;&nbsp;&nbsp;&nbsp;&nbsp;&nbsp;&nbsp;&nbsp;<a href="javascript:animatedcollapse.toggle(''more_reunite_en'')">Show/Hide More...</a>\n<br>\n<br>\n<div id="more_reunite_en" display="none;">\nUsers can choose to take a new photo using their iPhones camera\nor use an existing image from their camera roll/photo library.&nbsp;\nThey are then able to tag certain information about the person in the photo.&nbsp;\nThe following fields, all optional, are available for editing:<br>\n    <ul>\n      <li>Given Name</li>\n      <li>Family Name</li>\n      <li>Health Status: (Alive &amp; Well / Injured / Deceased / Unknown)</li>\n      <li>Gender: (Male / Female / Unknown)</li>\n      <li>Age Group: (0-17 / 18+ / Unknown) <i>(or enter an estimated age instead)</i></li>\n      <li>Estimated Age, in years</li>\n      <li>Location Status: (Missing / Known)</li>\n      <li>Last Known Location <i>(if missing)</i> / Current Location <i>(otherwise)</i></li>\n    </ul>\n    <p>Street <i>(typically)</i></p>\n    <p>Town <i>(typically)</i></p>\n    <ul>\n      <li>ID Tag <i>Automatically generated by default. Aid workers can substitute organizations triage number.</i></li>\n      <li>Voice Note</li>\n      <li>Text Note</li>\n    </ul>\n    <p>In addition, the following info is generated at the time the record is created:</p>\n    <ul>\n      <li>GPS Location <span style="font-style: italic;">(if enabled)</span><br></li>\n      <li>Date and time</li>\n    </ul>\nThe image and corresponding information can then be sent by web service (or as backup, by email) to the PL server automatically.&nbsp;\n    The info is also embedded into the images EXIF tags.&nbsp;\n    The records (including photos) are stored locally on the iPhone in an SQLite database format.&nbsp;\n    This database can be sent by email to <a href="mailto:lpfsupport@mail.nih.gov">lpfsupport@mail.nih.gov</a>,\n    where support personnel can arrange to have it included in our database.&nbsp;\n    Consequently, data can be collected when cell phone connectivity is not available,\n    and subsequently sent when connectivity becomes available.<br>\n</div>\n<br>\n<a id="email_en"><br><h4>Quick Reporting by Email of Name, Status, and Photo</h4></a>\n\nYou may also report a name and simple status directly to us by email (such as by cell phone).  You may also attach a photograph (limited to 1 at the moment).  Acceptable formats are .jpg (or .jpeg), .png, and .gif . For now, content in the email body is ignored.<br>\n<br>\n<p>Email to: <a href="mailto:disaster@mail.nih.gov">disaster@mail.nih.gov</a></p>\n<p>Subject Line: <i>Name of Missing or Found Person</i> <b>Status</b></p>\n<p>where <b>Status</b>, whose case doesn''t matter, is</p>\n<ul>\n   <li>Missing</li>\n   <li>Alive and Well</li>\n   <li>Injured</li>\n   <li>Deceased</li>\n   <li>Found <i>(but it''s better to use a status that indicates health too)</i></li>\n</ul>\n<br>\nExample of subject line: Jean Baptiste alive and well<br>\nPunctuation will be treated as spaces.<br>\n<br>\n&nbsp;&nbsp;&nbsp;&nbsp;&nbsp;&nbsp;&nbsp;&nbsp;<a href="javascript:animatedcollapse.toggle(''more_email_en'')">Show/Hide More...</a>\n<br>\n<br>\n<div id="more_email_en" display="none;">\n<p><b>Table of Status Words</b></p>\n <table border="1" cellpadding="0" cellspacing="0">\n  <tbody><tr>\n   <td valign="top" width="163"><p><b>Status Assumed</b></p></td>\n   <td valign="top" width="811"><p><b>Recognized words in subject line (case doesnt matter)</b></p></td>\n  </tr>\n  <tr>\n   <td valign="top" width="163"><p>Missing</p></td>\n   <td valign="top" width="811"><p>missing, lost, looking for, [to] find</p></td>\n  </tr>\n  <tr>\n   <td valign="top" width="163"></td>\n   <td valign="top" width="811"><p>French: disparu, perdu, trouver, a la recherche de, trouver [SUITE:  la recherche de]</p></td>\n  </tr>\n  <tr>\n   <td valign="top" width="163"><p>Alive and Well</p></td>\n   <td valign="top" width="811"><p>alive, well, okay, OK, good, healthy, recovered, fine</p></td>\n  </tr>\n  <tr>\n   <td valign="top" width="163"></td>\n   <td valign="top" width="811"> <p>French: en vie, vivant, ok, bien portant, en bonne sante, gueri [SUITE: en bonne sant, guri]</p></td>\n  </tr>\n  <tr>\n   <td valign="top" width="163"><p>Injured</p></td>\n   <td valign="top" width="811"><p>injured, hurt, wounded, sick, treated, recovering</p></td>\n  </tr>\n  <tr>\n   <td valign="top" width="163"></td>\n   <td valign="top" width="811"><p>French: blesse, mal en point, malade, soigne, convalscent [SUITE: bless, soign]</p></td>\n  </tr>\n  <tr>\n   <td valign="top" width="163"><p>Deceased</p></td>\n   <td valign="top" width="811"><p>deceased, dead, died, buried</p></td>\n  </tr>\n  <tr>\n   <td valign="top" width="163"></td>\n   <td valign="top" width="811"><p>French: decede, mort, inhume [SUITE: dcd, inhum ]</p></td>\n  </tr>\n  <tr>\n   <td valign="top" width="163"><p>Found</p></td>\n   <td valign="top" width="811"><p>found</p></td>\n  </tr>\n </tbody></table>\n<p>When entering Status:</p>\n<ul>\n   <li>Avoid using the word not</li>\n   <li>Avoid using the word found alone, without further indicating health status in one of the three categories.</li>\n</ul>\n</div>\n<br>\n<hr>\n<br>\n<a id="reporting_es"><br><h1>Creando un reporte [TO DO: about a Missing or Found Person][TRANSLATION IN PROGRESS]</h1></a>\n    <br>\n	[TO DO: Bullet points]<br>\n<ul>\n  <li><b>By Browser.</b> Use the "Report a Person" link at left.  This is the way to update a report, too.</li>\n  <li><b>By iPhone, iPod Touch, or iPad.</b> Get our free <a href="http://lpf.nlm.nih.gov/" title="">ReUnite app</a> from the Apple Store (<a href="#reunite_es">details...</a>).</li>\n  <li><b>By Email.</b> Put name and status in the subject line, as in "Jane Doe missing", attach a photo, and send to <a href="mailto:disaster@mail.nih.gov">disaster@mail.nih.gov</a> (<a href="#email_es">details...</a>).</li>\n  <li><b>By Specialized Software for Hospitals.</b> Ask NLM about our "TriagePic" Windows software for triage stations.</li>\n</ul>\n<br>\n<h3>[TO DO: Details]</h3>\n	<a id="reunite_es"><h4>Enviando un reporte mediante la aplicacin de iPHone, "ReUnite"</h4></a>\n    De particular inters para los trabajadores humanitarios, ofrecemos una aplicacin libre de costo para el iPhone llamada\n    <a href="http://itunes.apple.com/us/app/reunite/id368052994?mt=8" title="">ReUnite</a> a travs del "Apple Store".&nbsp;\n    Esta aplicacin crea un mensaje electrnico con un contenido estructurado con fotografas asociadas (limitado a 1 por reporte por el momento).\n    Esta aplicacin de iPhone permite proporcionar ms informacin que mediante el mtodo de correo electrnico no estructurado explicado arriba.\n    <br><br>\n    "ReUnite" actualmente soporta iPhone 3G y iPhone 4 con iPhone OS 3.0 o una versin ms actual.<br>\n	{TO DO: iPod Touch and iPad are also usable.]<br>\n<br>\n&nbsp;&nbsp;&nbsp;&nbsp;&nbsp;&nbsp;&nbsp;&nbsp;<a href="javascript:animatedcollapse.toggle(''more_reunite_es'')">{TO DO]Show/Hide More...</a>\n<br>\n<br>\n<div id="more_reunite_es" display="none;">\n    Los usuarios pueden elegir tomar una nueva foto usando la cmara de su iPhone o utilizar una imagen existente en su cmara, en su coleccin de fotografas\n    digitales. Luego de eso, pueden  etiquetar la fotografa con cierta informacin sobre la persona. Los siguientes campos, todos opcionales, estn disponibles para ser editados:<br>\n    <ul>\n      <li>Nombre</li>\n      <li>Apellido</li>\n      <li>Estado de salud: (Vivo y bien / Herido / Fallecido / Desconocido) </li>\n      <li>Gnero: (Hombre / Mujer / Desconocido) </li>\n      <li>AGrupo de edad: (0-17 / 18 + / Desconocido) <i>(o ingresar una edad estimada en el siguiente campo en su lugar)</i></li>\n      <li>Edad estimada, en aos </li>\n      <li>Estado de la informacin de ubicacin: (Desconocida o Conocida) </li>\n      <li>ltima ubicacin conocida de la persona <i>(si ubicacin actual no es conocida)</i> / Ubicacin actual <i>(si es conocida)</i></li>\n      <ul>\n         <li>Calle  <i>(tpicamente)</i></li>\n         <li>Ciudad o localidad <i>(tpicamente)</i></li>\n      </ul>\n      <li>Etiqueta de identificacin generada automticamente. <i>Trabajadores humanitarios pueden substituir esta etiqueta por un cdigo de triage de su organizacin.</i></li>\n      <li>Notas [TO DO: Voice Note]</li>\n	  <li>Notas [TO DO: Text Note]</li>\n    </ul>\n    <p>Adems, la siguiente informacin se genera cuando sea crea el registro:</p>\n    <ul>\n      <li>Localizacin geogrfica GPS</li>\n      <li>Fecha y hora</li>\n    </ul>\n    Luego, la imagen y la informacin correspondiente pueden ser enviadas automticamente por correo electrnico al servidor LPF.\n    La informacin es tambin incluida en las etiquetas EXIF de la imagen. Los registros (incluyendo fotos) se almacenan localmente\n    en el iPhone en un formato de base de datos SQLite. Esta base de datos puede ser enviada por correo electrnico a\n    <a href="mailto:lpfsupport@mail.nih.gov">lpfsupport@mail.nih.gov</a>,\n    donde el personal de soporte puede hacer arreglos para que se incluya en nuestra base de datos. Por lo tanto, datos pueden ser recopilados\n    cuando la conectividad de telfonos celulares no est disponible, y posteriormente enviados cuando la conectividad est de nuevo disponible.\n	<br>\n</div>\n<br>\n    <a id="email_es"><h4>Creando un reporte rpidamente mediante email, incluyendo nombre, estado y foto</h4></a>\n    <p>Usted puede tambin reportar directamente el nombre y estado de una persona mediante correo electrnico (por ejemplo desde su telfono celular).\n    Se puede tambin adjuntar una fotografa (solo una foto es permitida por el momento). Los formatos digitales aceptados son .jpg (o .jpeg),\n    .png, y .gif. Por ahora, el contenido del cuerpo del mensaje es ignorado.\n	<br>\n    Enve su correo electrnico a: <a href="mailto:disaster@nih.gov">disaster@nih.gov</a></p>\n	<p>En la lnea de asunto (subject) de su mensaje electrnico ingrese el nombre de la persona encontrada o buscada, y una palabra que indique el <b>"estado"</b>\n	o condicin de esta persona [, TO DO where <b>estado</b>, whose case doesn''t matter, is]<br>\n    [TO DO: Spanish status strings are planned]<br>\n    </p><ul>\n      <li>Se busca</li>\n      <li>Vivo y bien</li>\n      <li>Herido/herida</li>\n      <li>Fallecido</li>\n	  <li>Encontrado/encontrada <i>([TO DO: but it''s better to use a status that indicates health too)</i></li>\n	</ul>\n\n	Por ejemplo:<br>\n	Asunto: Juan Perez se busca<br>\n	[TO DO:  Punctuation will be treated as spaces.]<br>\n<br>\n&nbsp;&nbsp;&nbsp;&nbsp;&nbsp;&nbsp;&nbsp;&nbsp;<a href="javascript:animatedcollapse.toggle(''more_email_es'')">[TO DO:]Show/Hide More...</a>\n<br>\n<br>\n<div id="more_email_es" display="none;">\n    <p><b>Tabla de palabras de "estado" o condicin de la persona</b></p>\n	[TO DO:  Spanish status strings are planned.  Add English, French rows here too.  Also add spanish to English, French sections]\n <table border="1" cellpadding="0" cellspacing="0">\n  <tbody><tr>\n   <td valign="top" width="163"><p><b>Estados usados por el sistema</b></p></td>\n   <td valign="top" width="811"><p><b>Trminos sugeridos para ser usados en "estado" ([TO DO: case doesn''t matter])</b></p></td>\n  </tr>\n  <tr>\n   <td valign="top" width="163"><p>Se busca</p></td>\n   <td valign="top" width="811"><p>Se busca, perdida, perdido, buscando, por encontrar</p></td>\n  </tr>\n  <tr>\n   <td valign="top" width="163"><p>Vivo y bien</p></td>\n   <td valign="top" width="811"><p>Vivo, bien, okey, saludable, recuperado</p></td>\n  </tr>\n  <tr>\n   <td valign="top" width="163"><p>Herido/herida</p></td>\n   <td valign="top" width="811"><p> Herido, herida, lastimado, lastimada, enfermo, enferma, en tratamiento, recuperndose</p></td>\n  </tr>\n  <tr>\n   <td valign="top" width="163"><p>Fallecido</p></td>\n   <td valign="top" width="811"><p>Fallecido, fallecida, muerto, muerta, muri, sepultado, sepultada</p></td>\n  </tr>\n  <tr>\n   <td valign="top" width="163"><p>Encontrado/encontrada</p></td>\n   <td valign="top" width="811"><p>Encontrado, encontrada</p></td>\n  </tr>\n </tbody>\n</table>\n    Cuando se ingresa el estado de la persona:<br>\n    <ul>\n      <li> Evite usar la palabra "no"</li>\n      <li>Evite usar la palabra "encontrado" o "encontrada" sola. Indique el estado de salud en una de las tres categoras: vivo y bien, herido, fallecido</li>\n    </ul>\n</div>\n    <br>\n<hr>\n<br>\n<a id="reporting_fr"><br><h1>Signalement dune Personne Disparu ou Retrouv<br></h1></a>\n<ul>\n  <li><b>Par Navigateur.</b> Utilisez le lien "Report a Person"  gauche.  C''est la faon de mettre  jour un rapport, aussi.</li>\n  <li><b>Par iPhone, iPod Touch, ou iPad.</b> Obtenez notre application gratuite, <a href="http://lpf.nlm.nih.gov/" title="">ReUnite</a>, disponible via Apple Store (<a href="#reunite_fr">dtails...</a>).</li>\n  <li><b>Par Courriel.</b> Mettez le nom et le statut dans la ligne sujet ("Jane Doe disparu" par exemple), joindre une photo, et courriel  <a href="mailto:disaster@mail.nih.gov">disaster@mail.nih.gov</a> (<a href="#email_fr">dtails...</a>)</li>\n  <li><b>Par des Logiciels Spcialiss pour les Hpitaux.</b> Demandez NLM sur notre "TriagePic" logiciel Windows pour les stations de triage.</li>\n</ul>\n<br>\n<h1>Dtails</h1>\n\n<a id="reunite_fr"><br><h4>Signalement avec lapplication iPhone, ReUnite</h4></a>\n\nEn soutien aux acteurs de laide internationale, nous proposons une application iPhone gratuite,\n(<a href="http://lpf.nlm.nih.gov/" title="">ReUnite</a>), disponible via Apple Store.&nbsp;\nCette application cre un courriel structur avec photographie jointe (limit  une photographie par soumission).&nbsp;\nDautres informations peuvent nous tre transmises de cette manire, de prfrence  lutilisation dun courriel classique, non structur.<br>\n<br>\nReUnite prend actuellement en charge liPhone 3G et 4 de liPhone avec iPhone OS 3.0 ou une version ultrieure.&nbsp;\niPod Touch et iPad sont galement utilisables.<br>\n<br>\n&nbsp;&nbsp;&nbsp;&nbsp;&nbsp;&nbsp;&nbsp;&nbsp;<a href="javascript:animatedcollapse.toggle(''more_reunite_fr'')">Afficher/Masquer Plus d''Info...</a>\n<br>\n<br>\n<div id="more_reunite_fr" display="none;">\nLes utilisateurs peuvent prendre une photo  laide de leur iPhone, ou slectionner une photo dans leur galerie.&nbsp;\nIls peuvent ensuite joindre certaines informations sur la personne photographie.&nbsp;\nLes champs suivants (tous optionnels) peuvent tre remplis:<br>\n<ul>\n    <li>Prnom</li>\n    <li>Nom de Famille</li>\n    <li>tat de sant: (En vie / Bless /Dcd /Inconnu)</li>\n    <li>Sexe: (Masculin / Fminin / Inconnu)</li>\n    <li>ge: (0-17 / 18+ / Inconnu) <i>(ou une estimation de lge)</i></li>\n    <li>ge prsum, en annes</li>\n    <li>tat de position: (Disparu / Connu)</li>\n    <li>Dernire position connue <i>(si disparu)</i> / Position actuelle <i>(sinon)</i></li>\n</ul>\n    <p>Rue <i>(par exemple)</i></p>\n    <p>Ville <i>(par exemple)</i></p>\n<ul>\n    <li>Badge didentification <i>Gnr automatiquement par dfaut. Le personnel humanitaire pourra y substituer un numro de triage spcifique aux organismes.</i></li>\n    <li>Autres remarques et commentaires</li>\n</ul>\nDe plus, les informations suivantes sont automatiquement gnres lors de la cration du signalement:<br>\n<ul>\n    <li>Position GPS</li>\n    <li>Date et heure</li>\n</ul>\nLimage et les informations associes peuvent ensuite tre automatiquement envoyes par courrier lectronique au serveur LPF.&nbsp;\nLes informations sont galement ajoutes au contenu des tags EXIF de limage.&nbsp;\nLensemble du signalement (y compris limage) est enregistr localement sur liPhone dans une base de donnes au format SQLite.&nbsp;\nCette base de donnes peut tre envoye par courrier lectronique  <a href="mailto:lpfsupport@mail.nih.gov">lpfsupport@mail.nih.gov</a>,\nafin que notre personnel procde  la mise  jour de notre base de donnes globale.&nbsp;\nAinsi, les donnes peuvent tre collectes dans des zones sans connexion rseau puis transmises ultrieurement,\nds quune connexion rseau est disponible.<br>\n</div>\n<br>\n\n<a id="email_fr"><br><h4>Signalement rapide par Courriel - envoi de Nom, Statut et Photographie</h4></a>\n\nLe nom et le statut dune personne peut nous tre envoy\ndirectement par courrier lectronique (par exemple, envoy depuis un\ntlphone portable).&nbsp; Il vous est galement possible de joindre une photographie  votre\nmessage (fonctionnalit limite  une seule photographie par message\npour linstant).&nbsp; Les formats accepts sont .jpg (ou .jpeg), .png, et .gif .&nbsp; Pour linstant, toute information contenue dans le corps du message\nlectronique est ignore.<br>\n<br>\n<p>Courriel  : <a href="mailto:disaster@mail.nih.gov">disaster@mail.nih.gov</a></p>\n<p>Sujet: <i>Nom de la victime</i> <b>Statut</b></p>\n<p><span style="font-weight: bold;">Statut</span> =</p>\n<ul>\n  <li>Disparu</li>\n  <li>En Vie</li>\n  <li>Bless</li>\n  <li>Dcd</li>\n  <li>[Retrouv] <i>Mais il est prfrable d''utiliser un status qui prcise la sant, aussi.</i></li>\n</ul>\n<br>\nExemple de sujet dun courriel: Jean-Baptiste Dupont En Vie<br>\nPonctuation seront traits comme des espaces.<br>\n<br>\n&nbsp;&nbsp;&nbsp;&nbsp;&nbsp;&nbsp;&nbsp;&nbsp;<a href="javascript:animatedcollapse.toggle(''more_email_fr'')">Afficher/Masquer Plus d''Info...</a>\n<br>\n<div id="more_email_fr" display="none;">\n<br>\n<p><b>Tableau des mots dcrivant le statut</b></p>\n<table border="1" cellpadding="0" cellspacing="0">\n  <tbody><tr>\n   <td valign="top" width="163"><p><b>Statut Prsum</b></p></td>\n   <td valign="top" width="811">\n    <p><b>Mots Recommands  indiquer dans le sujet du courriel (pas de distinction entre majuscules et minuscules)</b></p></td>\n  </tr>\n  <tr>\n   <td valign="top" width="163"><p>Disparu</p></td>\n   <td valign="top" width="811"><p>disparu, perdu, trouver, a la recherche de, trouver [SUITE:  la recherche de]</p></td>\n  </tr>\n  <tr>\n   <td valign="top" width="163"></td>\n   <td valign="top" width="811"><p>Anglais: missing, lost, looking for, [to] find</p></td>\n  </tr>\n  <tr>\n   <td valign="top" width="163"> <p>En vie</p></td>\n   <td valign="top" width="811"> <p>en vie, vivant, ok, bien portant, en bonne sante, gueri [SUITE: en bonne sant, guri]</p></td>\n  </tr>\n  <tr>\n   <td valign="top" width="163"></td>\n   <td valign="top" width="811"><p>Anglais: alive, well, okay, OK, good, healthy, recovered, fine</p></td>\n  </tr>\n  <tr>\n   <td valign="top" width="163"> <p>Bless</p></td>\n   <td valign="top" width="811"><p>blesse, mal en point, malade, soigne, convalscent [SUITE: bless, soign]</p></td>\n  </tr>\n  <tr>\n   <td valign="top" width="163"></td>\n   <td valign="top" width="811"><p>Anglais: injured, hurt, wounded, sick, treated, recovering</p></td>\n  </tr>\n  <tr>\n   <td valign="top" width="163"><p>Dcd</p></td>\n   <td valign="top" width="811"><p>decede, mort, inhume [SUITE: dcd, inhum ]</p></td>\n  </tr>\n  <tr>\n   <td valign="top" width="163"></td>\n   <td valign="top" width="811"><p>Anglais: deceased, dead, died, buried</p></td>\n  </tr>\n </tbody>\n</table>\nLorsque vous renseignez le statut:<br>\n<ul>\n   <li>vitez les tournures ngatives pas, non</li>\n   <li>Evitez dutiliser le mot trouv sans information complmentaire sur ltat de sant de la victime.</li>\n</ul>\n</div>\n<br>\n\n</div>\n\n\n\n\n', '2012-02-29 23:42:37', 'Public', 'en_US');
/*!40000 ALTER TABLE `rez_pages` ENABLE KEYS */;
UNLOCK TABLES;

--
-- Table structure for table `sessions`
--

DROP TABLE IF EXISTS `sessions`;
/*!40101 SET @saved_cs_client     = @@character_set_client */;
/*!40101 SET character_set_client = utf8 */;
CREATE TABLE `sessions` (
  `session_id` varchar(64) NOT NULL,
  `sess_key` varchar(64) NOT NULL,
  `secret` varchar(64) NOT NULL,
  `inactive_expiry` bigint(20) NOT NULL,
  `expiry` bigint(20) NOT NULL,
  `data` text,
  PRIMARY KEY  (`session_id`)
) ENGINE=InnoDB DEFAULT CHARSET=utf8;
/*!40101 SET character_set_client = @saved_cs_client */;

--
-- Dumping data for table `sessions`
--

LOCK TABLES `sessions` WRITE;
/*!40000 ALTER TABLE `sessions` DISABLE KEYS */;
/*!40000 ALTER TABLE `sessions` ENABLE KEYS */;
UNLOCK TABLES;

--
-- Table structure for table `sys_group_to_module`
--

DROP TABLE IF EXISTS `sys_group_to_module`;
/*!40101 SET @saved_cs_client     = @@character_set_client */;
/*!40101 SET character_set_client = utf8 */;
CREATE TABLE `sys_group_to_module` (
  `group_id` int(11) NOT NULL,
  `module` varchar(60) NOT NULL,
  `status` varchar(60) NOT NULL,
  PRIMARY KEY  (`group_id`,`module`)
) ENGINE=InnoDB DEFAULT CHARSET=utf8;
/*!40101 SET character_set_client = @saved_cs_client */;

--
-- Dumping data for table `sys_group_to_module`
--

LOCK TABLES `sys_group_to_module` WRITE;
/*!40000 ALTER TABLE `sys_group_to_module` DISABLE KEYS */;
INSERT INTO `sys_group_to_module` (`group_id`, `module`, `status`) VALUES (1,'admin','enabled'),(1,'arrive','enabled'),(1,'eap','enabled'),(1,'em','enabled'),(1,'ha','enabled'),(1,'home','enabled'),(1,'inw','enabled'),(1,'mpres','enabled'),(1,'pfif','enabled'),(1,'plus','enabled'),(1,'pop','enabled'),(1,'pref','enabled'),(1,'report','enabled'),(1,'rez','enabled'),(1,'stat','enabled'),(1,'xst','enabled'),(2,'eap','enabled'),(2,'home','enabled'),(2,'inw','enabled'),(2,'pref','enabled'),(2,'report','enabled'),(2,'rez','enabled'),(2,'xst','enabled'),(3,'eap','enabled'),(3,'home','enabled'),(3,'inw','enabled'),(3,'report','enabled'),(3,'rez','enabled'),(3,'xst','enabled'),(5,'eap','enabled'),(5,'home','enabled'),(5,'inw','enabled'),(5,'pref','enabled'),(5,'report','enabled'),(5,'rez','enabled'),(5,'stat','enabled'),(5,'tp','enabled'),(5,'xst','enabled'),(6,'eap','enabled'),(6,'em','enabled'),(6,'ha','enabled'),(6,'home','enabled'),(6,'inw','enabled'),(6,'pref','enabled'),(6,'report','enabled'),(6,'rez','enabled'),(6,'stat','enabled'),(6,'tp','enabled'),(6,'xst','enabled'),(7,'eap','enabled'),(7,'home','enabled'),(7,'inw','enabled'),(7,'pref','enabled'),(7,'report','enabled'),(7,'rez','enabled'),(7,'stat','enabled'),(7,'xst','enabled');
/*!40000 ALTER TABLE `sys_group_to_module` ENABLE KEYS */;
UNLOCK TABLES;

--
-- Table structure for table `sys_user_groups`
--

DROP TABLE IF EXISTS `sys_user_groups`;
/*!40101 SET @saved_cs_client     = @@character_set_client */;
/*!40101 SET character_set_client = utf8 */;
CREATE TABLE `sys_user_groups` (
  `group_id` int(11) NOT NULL,
  `group_name` varchar(40) NOT NULL,
  PRIMARY KEY  (`group_id`)
) ENGINE=InnoDB DEFAULT CHARSET=utf8;
/*!40101 SET character_set_client = @saved_cs_client */;

--
-- Dumping data for table `sys_user_groups`
--

LOCK TABLES `sys_user_groups` WRITE;
/*!40000 ALTER TABLE `sys_user_groups` DISABLE KEYS */;
INSERT INTO `sys_user_groups` (`group_id`, `group_name`) VALUES (1,'Administrator'),(2,'Registered User'),(3,'Anonymous User'),(5,'Hospital Staff'),(6,'Hospital Staff Admin'),(7,'Researchers');
/*!40000 ALTER TABLE `sys_user_groups` ENABLE KEYS */;
UNLOCK TABLES;

--
-- Table structure for table `sys_user_to_group`
--

DROP TABLE IF EXISTS `sys_user_to_group`;
/*!40101 SET @saved_cs_client     = @@character_set_client */;
/*!40101 SET character_set_client = utf8 */;
CREATE TABLE `sys_user_to_group` (
  `group_id` int(11) NOT NULL,
  `p_uuid` varchar(128) NOT NULL,
  KEY `p_uuid` (`p_uuid`),
  KEY `group_id` (`group_id`),
  CONSTRAINT `sys_user_to_group_ibfk_1` FOREIGN KEY (`p_uuid`) REFERENCES `person_uuid` (`p_uuid`) ON DELETE CASCADE ON UPDATE CASCADE,
  CONSTRAINT `sys_user_to_group_ibfk_2` FOREIGN KEY (`group_id`) REFERENCES `sys_user_groups` (`group_id`) ON DELETE CASCADE ON UPDATE CASCADE
) ENGINE=InnoDB DEFAULT CHARSET=utf8;
/*!40101 SET character_set_client = @saved_cs_client */;

--
-- Dumping data for table `sys_user_to_group`
--

LOCK TABLES `sys_user_to_group` WRITE;
/*!40000 ALTER TABLE `sys_user_to_group` DISABLE KEYS */;
INSERT INTO `sys_user_to_group` (`group_id`, `p_uuid`) VALUES (3,'3'),(1,'1'),(3,'2');
/*!40000 ALTER TABLE `sys_user_to_group` ENABLE KEYS */;
UNLOCK TABLES;

--
-- Table structure for table `user_preference`
--

DROP TABLE IF EXISTS `user_preference`;
/*!40101 SET @saved_cs_client     = @@character_set_client */;
/*!40101 SET character_set_client = utf8 */;
CREATE TABLE `user_preference` (
  `pref_id` int(16) NOT NULL auto_increment,
  `p_uuid` varchar(128) NOT NULL,
  `module_id` varchar(20) NOT NULL,
  `pref_key` varchar(60) NOT NULL,
  `value` varchar(100) default NULL,
  PRIMARY KEY  (`pref_id`),
  KEY `p_uuid` (`p_uuid`),
  CONSTRAINT `user_preference_ibfk_1` FOREIGN KEY (`p_uuid`) REFERENCES `person_uuid` (`p_uuid`) ON DELETE CASCADE ON UPDATE CASCADE
) ENGINE=InnoDB DEFAULT CHARSET=utf8;
/*!40101 SET character_set_client = @saved_cs_client */;

--
-- Dumping data for table `user_preference`
--

LOCK TABLES `user_preference` WRITE;
/*!40000 ALTER TABLE `user_preference` DISABLE KEYS */;
/*!40000 ALTER TABLE `user_preference` ENABLE KEYS */;
UNLOCK TABLES;

--
-- Table structure for table `users`
--

DROP TABLE IF EXISTS `users`;
/*!40101 SET @saved_cs_client     = @@character_set_client */;
/*!40101 SET character_set_client = utf8 */;
CREATE TABLE `users` (
  `user_id` int(16) NOT NULL auto_increment,
  `p_uuid` varchar(128) NOT NULL,
  `user_name` varchar(100) NOT NULL,
  `password` varchar(128) default NULL,
  `salt` varchar(100) default NULL,
  `changed_timestamp` bigint(20) NOT NULL default '0',
  `status` varchar(60) default 'active',
  `confirmation` varchar(255) default NULL,
  `oauth_id` varchar(32) default NULL COMMENT 'the oauth user id',
  `profile_link` varchar(256) default NULL COMMENT 'url to profile',
  `profile_picture` varchar(256) default NULL COMMENT 'url to profile pic',
  `locale` varchar(8) default NULL COMMENT 'language locale',
  `verified_email` tinyint(1) default NULL COMMENT 'true if email verified',
  PRIMARY KEY  (`user_id`),
  UNIQUE KEY `user_name` (`user_name`),
  KEY `p_uuid` (`p_uuid`),
  CONSTRAINT `users_ibfk_1` FOREIGN KEY (`p_uuid`) REFERENCES `person_uuid` (`p_uuid`) ON DELETE CASCADE ON UPDATE CASCADE
) ENGINE=InnoDB AUTO_INCREMENT=5 DEFAULT CHARSET=utf8;
/*!40101 SET character_set_client = @saved_cs_client */;

--
-- Dumping data for table `users`
--

LOCK TABLES `users` WRITE;
/*!40000 ALTER TABLE `users` DISABLE KEYS */;
INSERT INTO `users` (`user_id`, `p_uuid`, `user_name`, `password`, `salt`, `changed_timestamp`, `status`, `confirmation`, `oauth_id`, `profile_link`, `profile_picture`, `locale`, `verified_email`) VALUES (1,'1','root','c77ce1c91f65ec039c255b7b4981a452','e5cb9f3624f2d81964',1334258322,'active',NULL,NULL,NULL,NULL,NULL,NULL),(2,'2','mpres',NULL,NULL,0,NULL,NULL,NULL,NULL,NULL,NULL,NULL),(3,'3','anonymous',NULL,NULL,0,'active',NULL,NULL,NULL,NULL,NULL,NULL);
/*!40000 ALTER TABLE `users` ENABLE KEYS */;
UNLOCK TABLES;

--
-- Table structure for table `voice_note`
--

DROP TABLE IF EXISTS `voice_note`;
/*!40101 SET @saved_cs_client     = @@character_set_client */;
/*!40101 SET character_set_client = utf8 */;
CREATE TABLE `voice_note` (
  `voice_note_id` bigint(20) NOT NULL,
  `p_uuid` varchar(128) NOT NULL,
  `length` int(16) default NULL,
  `format` varchar(16) default NULL,
  `sample_rate` int(16) default NULL,
  `channels` int(8) default NULL,
  `speaker` enum('Person','Reporter','Other') default NULL COMMENT 'Used to identify speaker.',
  `url_original` varchar(1024) default NULL COMMENT 'url of the original audio',
  `url_resampled_mp3` varchar(1024) default NULL COMMENT 'url of the resampled audio in mp3 format',
  `url_resampled_ogg` varchar(1024) default NULL COMMENT 'url of the resampled audio in ogg format',
  PRIMARY KEY  (`voice_note_id`),
  KEY `p_uuid` (`p_uuid`),
  CONSTRAINT `voice_note_ibfk_1` FOREIGN KEY (`p_uuid`) REFERENCES `person_uuid` (`p_uuid`) ON DELETE CASCADE ON UPDATE CASCADE
) ENGINE=InnoDB DEFAULT CHARSET=utf8;
/*!40101 SET character_set_client = @saved_cs_client */;

--
-- Dumping data for table `voice_note`
--

LOCK TABLES `voice_note` WRITE;
/*!40000 ALTER TABLE `voice_note` DISABLE KEYS */;
/*!40000 ALTER TABLE `voice_note` ENABLE KEYS */;
UNLOCK TABLES;

--
-- Table structure for table `voice_note_seq`
--

DROP TABLE IF EXISTS `voice_note_seq`;
/*!40101 SET @saved_cs_client     = @@character_set_client */;
/*!40101 SET character_set_client = utf8 */;
CREATE TABLE `voice_note_seq` (
  `id` bigint(20) NOT NULL auto_increment COMMENT 'stores next id in sequence for the voice_note table',
  PRIMARY KEY  (`id`)
) ENGINE=InnoDB AUTO_INCREMENT=1 DEFAULT CHARSET=utf8;
/*!40101 SET character_set_client = @saved_cs_client */;

--
-- Dumping data for table `voice_note_seq`
--

LOCK TABLES `voice_note_seq` WRITE;
/*!40000 ALTER TABLE `voice_note_seq` DISABLE KEYS */;
INSERT INTO `voice_note_seq` (`id`) VALUES (1);
/*!40000 ALTER TABLE `voice_note_seq` ENABLE KEYS */;
UNLOCK TABLES;

--
-- Dumping routines for database 'vesuvius092'
--
DELIMITER ;;
/*!50003 DROP PROCEDURE IF EXISTS `delete_reported_person` */;;
/*!50003 SET SESSION SQL_MODE=""*/;;
/*!50003 CREATE*/ /*!50020 DEFINER=`root`@`localhost`*/ /*!50003 PROCEDURE `delete_reported_person`(IN id VARCHAR(128),IN deleteNotes BOOLEAN)
BEGIN


DELETE p.* FROM person_uuid p, person_to_report pr WHERE pr.rep_uuid = p.p_uuid AND pr.p_uuid = id AND pr.rep_uuid NOT IN (SELECT p_uuid FROM users);


DELETE person_uuid.* FROM person_uuid WHERE p_uuid = id;


DELETE pfif_person.* FROM pfif_person WHERE p_uuid = id;

IF deleteNotes THEN

  DELETE pfif_note.* FROM pfif_note WHERE p_uuid = id;


  UPDATE pfif_note SET linked_person_record_id = NULL WHERE linked_person_record_id = id;
END IF;

END */;;
/*!50003 SET SESSION SQL_MODE=@OLD_SQL_MODE*/;;
/*!50003 DROP PROCEDURE IF EXISTS `PLSearch` */;;
/*!50003 SET SESSION SQL_MODE=""*/;;
/*!50003 CREATE*/ /*!50020 DEFINER=`root`@`localhost`*/ /*!50003 PROCEDURE `PLSearch`(IN searchTerms CHAR(255),
         IN statusFilter VARCHAR(100),
         IN genderFilter VARCHAR(100),
         IN ageFilter VARCHAR(100),
         IN hospitalFilter VARCHAR(100),
         IN incidentName VARCHAR(100),
         IN sortBy VARCHAR(100),
         IN pageStart INT,
         IN perPage INT)
BEGIN

        DROP TABLE IF EXISTS tmp_names;
    IF searchTerms = '' THEN
            CREATE TEMPORARY TABLE tmp_names AS (
            SELECT SQL_NO_CACHE pu.*
                FROM person_uuid pu
                   JOIN incident i  ON (pu.incident_id = i.incident_id AND i.shortname = incidentName)
                LIMIT 5000
            );
    ELSEIF searchTerms = 'unknown' THEN
            CREATE TEMPORARY TABLE  tmp_names AS (
            SELECT SQL_NO_CACHE pu.*
                FROM person_uuid pu
                   JOIN incident i  ON (pu.incident_id = i.incident_id AND i.shortname = incidentName)
                WHERE (full_name = '' OR full_name IS NULL)
                LIMIT 5000
            );
    ELSE
            CREATE TEMPORARY TABLE  tmp_names AS (
            SELECT SQL_NO_CACHE pu.*
                FROM person_uuid pu
                   JOIN incident i  ON (pu.incident_id = i.incident_id AND i.shortname = incidentName)
                WHERE full_name like CONCAT(searchTerms , '%')
                LIMIT 5000
            );
     END IF;

    SET @sqlString = CONCAT("SELECT  SQL_NO_CACHE `tn`.`p_uuid`       AS `p_uuid`,
                                `tn`.`full_name`    AS `full_name`,
                                `tn`.`given_name`   AS `given_name`,
                                `tn`.`family_name`  AS `family_name`,
                                (CASE WHEN `ps`.`opt_status` NOT IN ('ali', 'mis', 'inj', 'dec', 'fnd') THEN 'unk' ELSE `ps`.`opt_status` END) AS `opt_status`,
                                CONVERT_TZ(ps.last_updated,'America/New_York','UTC') AS updated,
                                (CASE WHEN `pd`.`opt_gender` NOT IN ('mal', 'fml') OR `pd`.`opt_gender` IS NULL THEN 'unk' ELSE `pd`.`opt_gender` END) AS `opt_gender`,
                                `pd`.`years_old` as `years_old`,
                                `pd`.`minAge` as `minAge`,
                                `pd`.`maxAge` as `maxAge`,
                                `i`.`image_height` AS `image_height`,
                                `i`.`image_width`  AS `image_width`,
                                `i`.`url_thumb`    AS `url_thumb`,
                                (CASE WHEN `h`.`short_name` NOT IN ('nnmc', 'suburban') OR `h`.`short_name` IS NULL THEN 'other' ELSE `h`.`short_name` END)  AS `hospital`,
                                (CASE WHEN (`h`.`hospital_uuid` = -(1)) THEN NULL ELSE `h`.`icon_url` END) AS `icon_url`,
                                `pd`.last_seen,
                                `pd`.other_comments as comments,
                                 ecl.person_id as mass_casualty_id
                         FROM tmp_names tn
             JOIN person_status ps  ON (tn.p_uuid = ps.p_uuid and (`tn`.`expiry_date` > NOW() OR `tn`.`expiry_date` IS NULL) AND INSTR(?,       (CASE WHEN ps.opt_status NOT IN ('ali', 'mis', 'inj', 'dec', 'fnd') OR ps.opt_status IS NULL THEN 'unk' ELSE  ps.opt_status END)))
             JOIN person_details pd ON (tn.p_uuid = pd.p_uuid AND INSTR(?, (CASE WHEN `opt_gender` NOT IN ('mal', 'fml') OR `opt_gender` IS NULL THEN 'unk' ELSE `opt_gender` END))
                                                                                                                          AND INSTR(?, (CASE WHEN CONVERT(`pd`.`years_old`, UNSIGNED INTEGER) IS NOT NULL THEN
                                                        (CASE WHEN `pd`.`years_old` < 18 THEN 'youth'
                                                                  WHEN `pd`.`years_old` >= 18 THEN 'adult' END)
                                         WHEN CONVERT(`pd`.`minAge`, UNSIGNED INTEGER) IS NOT NULL AND CONVERT(`pd`.`maxAge`, UNSIGNED INTEGER) IS NOT NULL
                                                  AND `pd`.`minAge` < 18 AND `pd`.`maxAge` >= 18 THEN 'both'
                                         WHEN CONVERT(`pd`.`minAge`, UNSIGNED INTEGER) IS NOT NULL AND `pd`.`minAge` >= 18 THEN 'adult'
                                         WHEN CONVERT(`pd`.`maxAge`, UNSIGNED INTEGER) IS NOT NULL AND `pd`.`maxAge` < 18 THEN 'youth'
                                         ELSE 'unknown'
                                         END)))
                         LEFT
                         JOIN hospital h        ON (tn.hospital_uuid = h.hospital_uuid AND INSTR(?, (CASE WHEN `h`.`short_name` NOT IN ('nnmc', 'suburban') OR `h`.`short_name` IS NULL THEN 'other' ELSE `h`.`short_name` END)))
             LEFT
                         JOIN image i                   ON (tn.p_uuid = i.p_uuid AND i.principal = TRUE)
                         LEFT
                         JOIN edxl_co_lpf ecl   ON tn.p_uuid = ecl.p_uuid
           ORDER BY ", sortBy, " LIMIT ?, ?;");

      PREPARE stmt FROM @sqlString;

      SET @statusFilter = statusFilter;
      SET @genderFilter = genderFilter;
      SET @ageFilter = ageFilter;
      SET @hospitalFilter = hospitalFilter;

      SET @pageStart = pageStart;
      SET @perPage = perPage;
      SET NAMES utf8;
      EXECUTE stmt USING @statusFilter, @genderFilter, @ageFilter, @hospitalFilter, @pageStart, @perPage;

      DEALLOCATE PREPARE stmt;
      DROP TABLE tmp_names;
END */;;
/*!50003 SET SESSION SQL_MODE=@OLD_SQL_MODE*/;;
/*!50003 DROP PROCEDURE IF EXISTS `PLSearch2` */;;
/*!50003 SET SESSION SQL_MODE=""*/;;
/*!50003 CREATE*/ /*!50020 DEFINER=`root`@`localhost`*/ /*!50003 PROCEDURE `PLSearch2`(IN searchTerms CHAR(255),
	 IN statusFilter VARCHAR(100),
	 IN genderFilter VARCHAR(100),
	 IN ageFilter VARCHAR(100),
	 IN hospitalFilter VARCHAR(100),
	 IN incident VARCHAR(100),
	 IN sortBy VARCHAR(100),
	 IN pageStart INT,
	 IN perPage INT,
   OUT totalRows INT)
BEGIN




  SET @sqlString = "
		SELECT STRAIGHT_JOIN SQL_NO_CACHE
				`a`.`p_uuid`       AS `p_uuid`,
				`a`.`full_name`    AS `full_name`,
				`a`.`given_name`   AS `given_name`,
				`a`.`family_name`  AS `family_name`,
				(CASE WHEN `b`.`opt_status` NOT IN ('ali', 'mis', 'inj', 'dec', 'unk') OR `b`.`opt_status` IS NULL THEN 'unk' ELSE `b`.`opt_status` END) AS `opt_status`,
        DATE_FORMAT(b.updated, '%m/%e/%y @ %l:%i:%s %p') as updated,
				(CASE WHEN `c`.`opt_gender` NOT IN ('mal', 'fml') OR `c`.`opt_gender` IS NULL THEN 'unk' ELSE `c`.`opt_gender` END) AS `opt_gender`,
				(CASE WHEN CAST(`c`.`years_old` AS UNSIGNED) < 18 THEN 'child' WHEN CAST(`c`.`years_old` AS UNSIGNED) >= 18 THEN 'adult' ELSE 'unknown' END) as `age_group`,
				`i`.`image_height` AS `image_height`,
				`i`.`image_width`  AS `image_width`,
				`i`.`url_thumb`    AS `url_thumb`,
				(CASE WHEN `h`.`short_name` NOT IN ('nnmc', 'suburban') OR `h`.`short_name` IS NULL THEN 'other' ELSE `h`.`short_name` END)  AS `hospital`,
				(CASE WHEN (`h`.`hospital_uuid` = -(1)) THEN NULL ELSE `h`.`icon_url` END) AS `icon_url`,
				`inc`.`shortname`  AS `shortname`,
        `pm`.last_seen, `pm`.comments

		   FROM `person_uuid` `a`
		   JOIN `person_status` `b`     ON (`a`.`p_uuid` = `b`.`p_uuid` AND `b`.`isVictim` = 1 )
	  LEFT JOIN `image` `i`           ON `a`.`p_uuid` = `i`.`x_uuid`
		   JOIN `person_details` `c`    ON `a`.`p_uuid` = `c`.`p_uuid`
		   JOIN `incident` `inc`        ON (`inc`.`incident_id` = `a`.`incident_id` AND `a`.`incident_id` <> 0 )
	  LEFT JOIN `hospital` `h`        ON `h`.`hospital_uuid` = `a`.`hospital_uuid`
    LEFT JOIN `person_missing` `pm` ON pm.p_uuid = a.p_uuid
	  WHERE INSTR(?, 	(CASE WHEN `b`.`opt_status` NOT IN ('ali', 'mis', 'inj', 'dec', 'unk') OR `b`.`opt_status` IS NULL THEN 'unk' ELSE `b`.`opt_status` END))
	    AND INSTR(?, (CASE WHEN `c`.`opt_gender` NOT IN ('mal', 'fml') OR `c`.`opt_gender` IS NULL THEN 'unk' ELSE `c`.`opt_gender` END))
		  AND INSTR(?, (CASE WHEN CAST(`c`.`years_old` AS UNSIGNED) < 18 THEN 'child' WHEN CAST(`c`.`years_old` AS UNSIGNED) >= 18 THEN 'adult' ELSE 'unknown' END))
		  AND INSTR(?, (CASE WHEN `h`.`short_name` NOT IN ('nnmc', 'suburban') OR `h`.`short_name` IS NULL THEN 'other' ELSE `h`.`short_name` END))
	    AND `shortname` = ?
      AND (full_name like CONCAT('%', ?, '%'))
    ORDER BY ?
    LIMIT ?, ?";

  PREPARE stmt FROM @sqlString;

  SET @searchTerms = searchTerms;
  SET @statusFilter = statusFilter;
  SET @genderFilter = genderFilter;
  SET @ageFilter = ageFilter;
  SET @hospitalFilter = hospitalFilter;
  SET @incident = incident;
  SET @sortBy = sortBy;
  SET @pageStart = pageStart;
  SET @perPage = perPage;

  EXECUTE stmt USING @statusFilter, @genderFilter, @ageFilter, @hospitalFilter, @incident,
                     @searchTerms,@sortBy, @pageStart, @perPage;

  DEALLOCATE PREPARE stmt;

  SELECT COUNT(p.p_uuid) INTO totalRows
    FROM person_uuid p
    JOIN incident i
      ON p.incident_id = i.incident_id
   WHERE i.shortname = incident;


END */;;
/*!50003 SET SESSION SQL_MODE=@OLD_SQL_MODE*/;;
/*!50003 DROP PROCEDURE IF EXISTS `PLSearch_Count` */;;
/*!50003 SET SESSION SQL_MODE=""*/;;
/*!50003 CREATE*/ /*!50020 DEFINER=`root`@`localhost`*/ /*!50003 PROCEDURE `PLSearch_Count`(IN searchTerms CHAR(255),
	 IN statusFilter VARCHAR(100),
	 IN genderFilter VARCHAR(100),
	 IN ageFilter VARCHAR(100),
	 IN hospitalFilter VARCHAR(100),
	 IN incident VARCHAR(100))
BEGIN




		SELECT STRAIGHT_JOIN COUNT(a.p_uuid)
		   FROM `person_uuid` `a`
		   JOIN `person_status` `b`          ON (`a`.`p_uuid` = `b`.`p_uuid` AND `b`.`isVictim` = 1 )
		   JOIN `person_details` `c`         ON `a`.`p_uuid` = `c`.`p_uuid`
		   JOIN `incident` `inc`             ON (`inc`.`incident_id` = `a`.`incident_id` AND `a`.`incident_id` <> 0 )
	  LEFT JOIN `hospital` `h`               ON `h`.`hospital_uuid` = `a`.`hospital_uuid`
	  WHERE INSTR(statusFilter, 	(CASE WHEN `b`.`opt_status` NOT IN ('ali', 'mis', 'inj', 'dec', 'unk') OR `b`.`opt_status` IS NULL THEN 'unk' ELSE `b`.`opt_status` END))
	    AND INSTR(genderFilter, (CASE WHEN `c`.`opt_gender` NOT IN ('mal', 'fml') OR `c`.`opt_gender` IS NULL THEN 'unk' ELSE `c`.`opt_gender` END))
		  AND INSTR(ageFilter, (CASE WHEN CAST(`c`.`years_old` AS UNSIGNED) < 18 THEN 'child' WHEN CAST(`c`.`years_old` AS UNSIGNED) >= 18 THEN 'adult' ELSE 'unknown' END))
		  AND INSTR(hospitalFilter, (CASE WHEN `h`.`short_name` NOT IN ('nnmc', 'suburban') OR `h`.`short_name` IS NULL THEN 'other' ELSE `h`.`short_name` END))
	    AND `shortname` = incident
      AND (full_name like CONCAT('%', searchTerms, '%') OR given_name SOUNDS LIKE searchTerms OR family_name SOUNDS LIKE searchTerms);



END */;;
/*!50003 SET SESSION SQL_MODE=@OLD_SQL_MODE*/;;
DELIMITER ;

--
-- Final view structure for view `person_search`
--

/*!50001 DROP TABLE `person_search`*/;
/*!50001 DROP VIEW IF EXISTS `person_search`*/;
/*!50001 CREATE ALGORITHM=UNDEFINED */
/*!50013 DEFINER=`root`@`localhost` SQL SECURITY DEFINER */
/*!50001 VIEW `person_search` AS select `pu`.`p_uuid` AS `p_uuid`,`pu`.`full_name` AS `full_name`,`pu`.`given_name` AS `given_name`,`pu`.`family_name` AS `family_name`,`pu`.`expiry_date` AS `expiry_date`,`ps`.`last_updated` AS `updated`,`ps`.`last_updated_db` AS `updated_db`,(case when (`ps`.`opt_status` not in (_utf8'ali',_utf8'mis',_utf8'inj',_utf8'dec',_utf8'unk',_utf8'fnd')) then _utf8'unk' else `ps`.`opt_status` end) AS `opt_status`,(case when ((`pd`.`opt_gender` not in (_utf8'mal',_utf8'fml')) or isnull(`pd`.`opt_gender`)) then _utf8'unk' else `pd`.`opt_gender` end) AS `opt_gender`,(case when isnull(cast(`pd`.`years_old` as unsigned)) then -(1) else `pd`.`years_old` end) AS `years_old`,(case when isnull(cast(`pd`.`minAge` as unsigned)) then -(1) else `pd`.`minAge` end) AS `minAge`,(case when isnull(cast(`pd`.`maxAge` as unsigned)) then -(1) else `pd`.`maxAge` end) AS `maxAge`,(case when (cast(`pd`.`years_old` as unsigned) is not null) then (case when (`pd`.`years_old` < 18) then _utf8'youth' when (`pd`.`years_old` >= 18) then _utf8'adult' end) when ((cast(`pd`.`minAge` as unsigned) is not null) and (cast(`pd`.`maxAge` as unsigned) is not null) and (`pd`.`minAge` < 18) and (`pd`.`maxAge` >= 18)) then _utf8'both' when ((cast(`pd`.`minAge` as unsigned) is not null) and (`pd`.`minAge` >= 18)) then _utf8'adult' when ((cast(`pd`.`maxAge` as unsigned) is not null) and (`pd`.`maxAge` < 18)) then _utf8'youth' else _utf8'unknown' end) AS `ageGroup`,`i`.`image_height` AS `image_height`,`i`.`image_width` AS `image_width`,`i`.`url_thumb` AS `url_thumb`,(case when (`h`.`hospital_uuid` = -(1)) then NULL else `h`.`icon_url` end) AS `icon_url`,`inc`.`shortname` AS `shortname`,(case when ((`pu`.`hospital_uuid` not in (1,2,3)) or isnull(`pu`.`hospital_uuid`)) then _utf8'public' else lcase(`h`.`short_name`) end) AS `hospital`,`pd`.`other_comments` AS `comments`,`pd`.`last_seen` AS `last_seen`,`ecl`.`person_id` AS `mass_casualty_id` from ((((((`person_uuid` `pu` join `person_status` `ps` on((`pu`.`p_uuid` = `ps`.`p_uuid`))) left join `image` `i` on(((`pu`.`p_uuid` = `i`.`p_uuid`) and (`i`.`principal` = 1)))) join `person_details` `pd` on((`pu`.`p_uuid` = `pd`.`p_uuid`))) join `incident` `inc` on((`inc`.`incident_id` = `pu`.`incident_id`))) left join `hospital` `h` on((`h`.`hospital_uuid` = `pu`.`hospital_uuid`))) left join `edxl_co_lpf` `ecl` on((`ecl`.`p_uuid` = `pu`.`p_uuid`))) */;
/*!40103 SET TIME_ZONE=@OLD_TIME_ZONE */;

/*!40101 SET SQL_MODE=@OLD_SQL_MODE */;
/*!40014 SET FOREIGN_KEY_CHECKS=@OLD_FOREIGN_KEY_CHECKS */;
/*!40014 SET UNIQUE_CHECKS=@OLD_UNIQUE_CHECKS */;
/*!40101 SET CHARACTER_SET_CLIENT=@OLD_CHARACTER_SET_CLIENT */;
/*!40101 SET CHARACTER_SET_RESULTS=@OLD_CHARACTER_SET_RESULTS */;
/*!40101 SET COLLATION_CONNECTION=@OLD_COLLATION_CONNECTION */;
/*!40111 SET SQL_NOTES=@OLD_SQL_NOTES */;

-- Dump completed on 2012-04-12 15:48:01
